E298773,no,,,,
E318305,yes,ICD-10-CM,ICD-10-PCS,,
E298770,yes,Hospital outpatient,CDI,Physician practice,
E294586,yes,Hospital inpatient,,,
E287911,yes,Hospital outpatient,CPT,,
E288792,yes,Hospital outpatient,CPT,,
E301557,yes,Hospital outpatient,CPT,,
E309811,yes,Management,,,
E312685,yes,Hospital outpatient,,,
E314968,yes,Hospital outpatient,,,
E297815,yes,Hospital outpatient,,,
E316010,yes,Hospital outpatient,,,
E289767,yes,Management,,,
E287105,yes,ICD-10-CM,ICD-10-PCS,CDI,
E299891,yes,Hospital outpatient,,,
E299889,yes,,,,
E300472,yes,,,,
E274236,no,,,,
E287107,no,,,,
E277259,yes,,,,
E289769,yes,,,,
E301559,yes,,,,
E313827,yes,,,,
E281772,yes,,,,
E293741,yes,,,,
E306003,yes,,,,
E318308,yes,,,,
E285800,yes,,,,
E297818,yes,,,,
E309813,yes,,,,
E275434,yes,,,,
E287914,yes,,,,
E311708,yes,,,,
E274237,yes,,,,
E287108,yes,,,,
E298774,yes,,,,
E310818,yes,,,,
E280717,yes,,,,
E292644,yes,,,,
E304901,yes,,,,
E316952,yes,,,,
E279815,yes,,,,
E291614,yes,,,,
E303974,yes,,,,
E316015,yes,,,,
E276423,yes,,,,
E288795,yes,,,,
E312686,yes,,,,
E278366,yes,,,,
E290608,yes,,,,
E303367,yes,,,,
E314971,yes,,,,
E285025,yes,,,,
E296826,yes,,,,
E308749,yes,,,,
E284228,yes,,,,
E295757,yes,,,,
E307881,yes,,,,
E320424,yes,,,,
E282774,yes,,,,
E294589,yes,,,,
E307118,yes,,,,
E319293,yes,,,,
E296822,yes,ICD-10-CM,,,
E309809,yes,ICD-10-CM,,,
E278362,yes,Hospital outpatient,,,
E291610,yes,ICD-10-CM,ICD-10-PCS,,
E297814,yes,Hospital outpatient,,,
E318304,yes,Hospital outpatient,,News,
E312683,yes,Hospital outpatient,,News,
E299896,yes,Hospital outpatient,,News,
E295755,yes,Hospital outpatient,,News,
E276421,yes,Hospital outpatient,,News,
E288793,yes,Hospital outpatient,,News,
E303364,yes,Hospital outpatient,CPT,News,
E303365,yes,Hospital outpatient,,News,
E293738,yes,Hospital outpatient,,News,
E290604,yes,Hospital outpatient,,News,
E289765,yes,Hospital outpatient,,News,
E290606,yes,Hospital outpatient,,News,
E299890,yes,Hospital outpatient,,News,
E287102,yes,Hospital outpatient,,News,
E310814,yes,Hospital outpatient,,News,
E274233,yes,Hospital outpatient,,News,
E308747,yes,Hospital outpatient,,News,
E305999,yes,Hospital outpatient,,News,
E285798,yes,Hospital outpatient,,News,
E287103,yes,Hospital outpatient,,News,
E301554,yes,Hospital outpatient,,News,
E282770,yes,Hospital outpatient,,News,
E319289,yes,Hospital outpatient,,News,
E294584,yes,Hospital outpatient,,News,
E292641,yes,Hospital outpatient,,News,
E319288,yes,Hospital outpatient,,News,
E303971,yes,Hospital outpatient,,News,
E307112,yes,Hospital outpatient,,News,
E291612,yes,Hospital outpatient,,News,
E314966,yes,Hospital outpatient,,News,
E299892,yes,Hospital outpatient,CPT,News,
E301556,no,,,News,
E292640,no,,,News,
E311705,yes,Hospital outpatient,,News,
E310815,yes,Hospital inpatient,,News,
E275430,yes,Hospital outpatient,CPT,,
E280715,yes,CPT,,,
E318306,yes,ICD-10-CM,,,
E307116,yes,ICD-10-CM,,,
E307877,yes,ICD-10-CM,,,
E294587,no,,,,
E307113,no,,,,
E319290,no,,,,
E319292,no,,,,
E282772,yes,ICD-10-CM,,,
E278364,yes,ICD-10-CM,,,
E303969,no,,,,
E285796,no,,,,
E308743,yes,CDI,Hospital outpatient,,
E276419,yes,,,,
E293737,yes,Hospital outpatient,,,
E275432,yes,Hospital outpatient,,,
E277255,yes,Hospital inpatient,,,
E281770,yes,Hospital outpatient,CPT,,
E281768,yes,Hospital outpatient,,,
E280714,yes,Hospital outpatient,,,
E306001,yes,Hospital outpatient,ICD-10-PCS,,
E320423,yes,Hospital outpatient,CPT,,
E284224,yes,Hospital outpatient,,,
E287912,yes,Hospital outpatient,,,
E295754,yes,Hospital outpatient,CPT,,
E299897,yes,CDI,,,
E303362,yes,CPT,ICD-10-PCS,,
E281769,yes,Hospital outpatient,CPT,,
E288791,yes,Hospital outpatient,,,
E278363,yes,ICD-10-CM,,,
E293736,no,,,,
E298771,yes,Hospital outpatient,CPT,,
E279813,no,,,,
E293739,yes,Hospital outpatient,CPT,,
E314969,yes,Hospital outpatient,,,
E303972,yes,Hospital outpatient,,,
E287104,yes,Hospital outpatient,Physician practice,,
E308744,yes,Hospital outpatient,,,
E304897,yes,ICD-10-CM,Anatomy and terminology,,
E279811,yes,ICD-10-CM,Anatomy and terminology,,
E297816,yes,ICD-10-CM,Anatomy and terminology,,
E276420,yes,ICD-10-CM,Anatomy and terminology,,
E284225,yes,ICD-10-CM,Anatomy and terminology,,
E300463,yes,ICD-10-CM,Anatomy and terminology,,
E316012,no,,,,
E296823,yes,ICD-10-CM,Anatomy and terminology,,
E303363,yes,ICD-10-CM,Anatomy and terminology,,
E306000,yes,ICD-10-CM,Anatomy and terminology,,
E311704,yes,ICD-10-CM,Anatomy and terminology,,
E301555,yes,ICD-10-CM,Anatomy and terminology,,
E308745,yes,ICD-10-CM,Anatomy and terminology,,
E312684,yes,ICD-10-CM,Anatomy and terminology,,
E308785,yes,ICD-10-CM,Management,,
E277258,yes,ICD-10-CM,Management,,
E292642,yes,ICD-10-CM,Management,,
E296824,yes,Hospital outpatient,CPT,Physician practice,
E304898,yes,Hospital outpatient,CPT,,
E319291,no,,,,
E279810,yes,Hospital outpatient,CPT,,
E316013,yes,Hospital outpatient,Hospital inpatient,,
E285023,no,,,,
E307878,yes,Hospital outpatient,,,
E313824,no,,,,
E313823,yes,CPT,,,
E290605,yes,CPT,,,
E311703,yes,CPT,,,
E287910,yes,CPT,,,
E289766,yes,CPT,,,
E279812,yes,CPT,,,
E287909,yes,CPT,,,
E275431,yes,Hospital outpatient,CPT,,
E285022,yes,Hospital outpatient,,,
E307114,yes,Hospital outpatient,,,
E316949,yes,CPT,,,
E300464,yes,Hospital outpatient,,,
E300459,yes,CPT,,,
E320420,yes,ICD-10-CM,,,
E304896,yes,Hospital outpatient,,,
E316951,yes,Hospital outpatient,Physician practice,,
E309808,yes,ICD-10-CM,ICD-10-PCS,,
E316011,yes,Hospital outpatient,ICD-10-CM,ICD-10-PCS,
E285795,yes,Hospital outpatient,Physician practice,,
E274234,yes,Hospital outpatient,,,
E316014,yes,Management,,,
E320421,yes,ICD-10-CM,,,
E313825,yes,ICD-10-CM,,,
E311707,yes,Management,,,
E291611,yes,CPT,Physician practice,,
E294585,yes,Hospital outpatient,CPT,,
E284226,no,,,,
E280713,yes,CPT,ICD-10-CM,,
E281767,yes,CPT,,,
E314967,yes,ICD-10-CM,,,
E282771,yes,Hospital outpatient,,,
E277257,yes,Anatomy and terminology,,,
E310816,yes,Hospital outpatient,CPT,,
E299898,yes,Hospital outpatient,Ask the Expert,,
E300465,yes,Hospital outpatient,Ask the Expert,,
E313362,yes,Hospital outpatient,Ask the Expert,,
E314188,yes,Hospital outpatient,Ask the Expert,,
E317492,yes,Hospital outpatient,Ask the Expert,,
E317493,yes,Hospital outpatient,Ask the Expert,,
E276422,yes,Hospital outpatient,Ask the Expert,,
E274235,yes,Hospital outpatient,Ask the Expert,,
E275433,yes,Hospital outpatient,Ask the Expert,,
E277256,yes,Hospital outpatient,Ask the Expert,,
E278365,yes,Hospital outpatient,Ask the Expert,,
E279814,yes,Hospital outpatient,Ask the Expert,,
E280716,yes,Hospital outpatient,Ask the Expert,,
E281771,yes,Hospital outpatient,Ask the Expert,,
E282773,yes,Hospital outpatient,Ask the Expert,,
E284227,yes,Hospital outpatient,Ask the Expert,,
E285024,yes,Hospital outpatient,Ask the Expert,,
E285799,yes,Hospital outpatient,Ask the Expert,,
E287106,yes,Hospital outpatient,Ask the Expert,,
E287913,yes,Hospital outpatient,Ask the Expert,,
E288794,yes,Hospital outpatient,Ask the Expert,,
E289768,yes,Hospital outpatient,Ask the Expert,,
E290607,yes,Hospital outpatient,Ask the Expert,,
E291613,yes,Hospital outpatient,Ask the Expert,,
E292643,yes,Hospital outpatient,Ask the Expert,,
E293740,yes,Hospital outpatient,Ask the Expert,,
E294588,yes,Hospital outpatient,Ask the Expert,,
E295756,yes,Hospital outpatient,Ask the Expert,,
E296825,yes,Hospital outpatient,Ask the Expert,,
E297817,yes,Hospital outpatient,Ask the Expert,,
E298772,yes,Hospital outpatient,Ask the Expert,,
E301558,yes,Hospital outpatient,Ask the Expert,,
E303366,yes,Hospital outpatient,Ask the Expert,,
E304900,yes,Hospital outpatient,Ask the Expert,,
E306002,yes,Hospital outpatient,Ask the Expert,,
E307117,yes,Hospital outpatient,Ask the Expert,,
E307880,yes,Hospital outpatient,Ask the Expert,,
E308748,yes,Hospital outpatient,Ask the Expert,,
E309812,yes,Hospital outpatient,Ask the Expert,,
E310817,yes,Hospital outpatient,Ask the Expert,,
E311706,yes,Hospital outpatient,Ask the Expert,,
E314970,yes,Hospital outpatient,Ask the Expert,,
E318307,yes,Hospital outpatient,Ask the Expert,,
E303973,yes,Hospital outpatient,Ask the Expert,,
E307879,yes,Hospital outpatient,,,
E320422,yes,Management,,,
E308746,yes,ICD-10-CM,Management,,
E309810,yes,ICD-10-CM,Management,,
E300461,yes,Hospital outpatient,CPT,,
E285021,yes,Hospital outpatient,,,
E307115,yes,Hospital outpatient,,,
E316950,yes,Hospital outpatient,CPT,,
E303970,no,,,,
E285797,yes,Hospital outpatient,,,
E304899,no,,,,
E295753,yes,ICD-10-CM,Management,,
E307507,yes,Hospital inpatient,,,
E304069,yes,Hospital inpatient,,,
E316746,yes,Hospital inpatient,,,
E284259,yes,Hospital inpatient,Hospital outpatient,,
E299407,yes,Management,ICD-10-CM,ICD-10-PCS,
E283094,yes,Management,,,
E280018,yes,Hospital inpatient,Management,Hospital outpatient,
E314493,yes,ICD-10-CM,Hospital inpatient,,
E303650,no,,,,
E286483,yes,Hospital inpatient,,,
E287508,yes,Management,,,
E278841,no,,,,
E283091,yes,CDI,Hospital inpatient,ICD-10-CM,
E295173,yes,Hospital inpatient,,,
E274766,no,,,,
E296221,yes,Hospital inpatient,Management,,
E303651,no,,,,
E295171,yes,Management,,,
E287512,no,,,,
E299410,no,,,,
E277808,yes,,,,
E290245,yes,,,,
E303206,yes,,,,
E314495,yes,,,,
E282088,yes,,,,
E283096,yes,,,,
E293994,yes,,,,
E306381,yes,,,,
E318858,yes,,,,
E286485,yes,,,,
E298404,yes,,,,
E310398,yes,,,,
E275763,yes,,,,
E288299,yes,,,,
E300469,yes,,,,
E312372,yes,,,,
E274767,yes,,,,
E287513,yes,,,,
E299411,yes,,,,
E311806,yes,,,,
E281004,yes,,,,
E293392,yes,,,,
E305671,yes,,,,
E317808,yes,,,,
E280021,yes,,,,
E292154,yes,,,,
E304652,yes,,,,
E316747,yes,,,,
E276988,yes,,,,
E289385,yes,,,,
E301278,yes,,,,
E313409,yes,,,,
E278844,yes,,,,
E291136,yes,,,,
E303655,yes,,,,
E315555,yes,,,,
E285475,yes,,,,
E297336,yes,,,,
E309357,yes,,,,
E284263,yes,,,,
E296223,yes,,,,
E308606,yes,,,,
E320770,yes,,,,
E295175,yes,,,,
E307511,yes,,,,
E319925,yes,,,,
E296218,yes,Management,Hospital inpatient,,
E306380,yes,Anatomy and terminology,ICD-10-CM,,
E274762,yes,Hospital inpatient,Management,,
E310394,yes,Hospital inpatient,ICD-10-PCS,,
E285472,yes,Management,ICD-10-CM,ICD-10-PCS,
E296219,yes,CDI,Management,,
E298400,yes,Management,,,
E298401,yes,Hospital inpatient,Management,,
E282086,yes,Hospital inpatient,CDI,Anatomy and terminology,
E276982,yes,Hospital inpatient,CDI,,
E299408,yes,Hospital inpatient,CDI,,
E275758,yes,Hospital inpatient,Management,News,
E304649,no,,,News,
E316744,yes,Hospital inpatient,,News,
E275757,yes,Hospital inpatient,Hospital outpatient,News,
E310396,yes,Hospital inpatient,Hospital outpatient,News,
E304060,yes,Hospital inpatient,,News,
E319923,yes,Hospital inpatient,,News,
E318856,yes,Hospital inpatient,Hospital outpatient,News,
E306375,yes,Hospital inpatient,,News,
E292152,yes,Hospital inpatient,,News,
E320769,yes,ICD-10-CM,,News,
E293387,yes,Management,,News,
E299409,yes,Management,ICD-10-CM,,
E289381,yes,CDI,Management,,
E293990,yes,CDI,Management,,
E277803,yes,Management,,,
E282085,yes,Management,,,
E312370,yes,Hospital inpatient,ICD-10-PCS,,
E315554,yes,Hospital inpatient,,,
E303205,yes,Hospital inpatient,ICD-10-CM,ICD-10-PCS,
E303654,no,,,,
E288297,yes,Management,ICD-10-CM,,
E312368,yes,CDI,Management,,
E283090,yes,CDI,ICD-10-CM,,
E310395,no,,,,
E305667,yes,CDI,Hospital inpatient,,
E291134,yes,CDI,Hospital inpatient,,
E290242,yes,Management,,,
E315553,yes,CDI,Hospital inpatient,,
E283093,yes,Management,,,
E277806,yes,CDI,Hospital inpatient,,
E303202,yes,Hospital inpatient,,,
E313407,yes,Hospital inpatient,,,
E280015,no,,,,
E288294,yes,CDI,,,
E287510,yes,ICD-10-CM,,,
E293390,yes,Management,,,
E289383,yes,CDI,Management,,
E276986,yes,ICD-10-CM,Management,,
E297335,yes,Hospital inpatient,,,
E303201,yes,CDI,Management,,
E278840,no,,,,
E318855,yes,ICD-10-PCS,,,
E301273,yes,ICD-10-PCS,,,
E301274,yes,CDI,Hospital inpatient,,
E312371,yes,CDI,Hospital inpatient,,
E308603,yes,CDI,,,
E297333,yes,CDI,ICD-10-CM,Management,
E288295,yes,CDI,Hospital inpatient,,
E298402,yes,CDI,ICD-10-CM,Management,
E292151,yes,CDI,Hospital inpatient,,
E292153,yes,CDI,Hospital inpatient,,
E303204,yes,ICD-10-CM,,,
E309354,yes,Hospital inpatient,ICD-10-PCS,,
E298403,yes,Hospital inpatient,,,
E276984,yes,CDI,,,
E291132,yes,Management,,,
E301275,no,,,,
E316745,yes,CDI,Hospital inpatient,,
E292149,yes,Hospital inpatient,,,
E281003,yes,Hospital inpatient,,,
E285471,yes,CDI,ICD-10-CM,Management,
E285473,yes,Management,,,
E289384,yes,CDI,,,
E315551,yes,Hospital inpatient,,,
E317805,yes,Hospital inpatient,,,
E306378,yes,ICD-10-CM,,,
E300449,yes,Hospital inpatient,,,
E293988,yes,Hospital inpatient,,,
E313406,yes,CDI,,,
E307509,no,,,,
E289382,yes,ICD-10-PCS,Hospital inpatient,,
E290241,no,,,,
E310397,yes,ICD-10-CM,,,
E320767,yes,CDI,Hospital inpatient,,
E283095,yes,Management,CDI,,
E287511,no,,,,
E313408,no,,,,
E293989,yes,Management,,,
E284258,yes,Management,,,
E284261,yes,Management,,,
E306379,yes,Management,,,
E285470,yes,ICD-10-CM,Management,,
E315552,yes,ICD-10-CM,,,
E303652,yes,Hospital inpatient,ICD-10-CM,,
E300458,yes,CDI,ICD-10-CM,,
E308605,yes,Management,,,
E295172,yes,ICD-10-CM,ICD-10-PCS,Management,
E311802,yes,Hospital inpatient,ICD-10-PCS,,
E293389,yes,Hospital inpatient,ICD-10-PCS,,
E290244,no,,,,
E319922,yes,ICD-10-PCS,Hospital inpatient,,
E300457,yes,Hospital inpatient,ICD-10-PCS,,
E318857,yes,Management,,,
E318854,yes,Management,,,
E277805,yes,Management,,,
E317807,yes,Hospital inpatient,,,
E293388,yes,Hospital inpatient,Management,,
E274763,yes,Management,,,
E300462,yes,Hospital inpatient,Management,,
E295174,yes,ICD-10-CM,,,
E286480,yes,Hospital inpatient,,,
E291133,yes,Management,,,
E317804,yes,ICD-10-PCS,Hospital inpatient,,
E275759,yes,Hospital inpatient,Management,,
E277807,yes,Hospital inpatient,CDI,,
E295170,yes,Hospital inpatient,,,
E311805,yes,CDI,Hospital inpatient,,
E311804,yes,Hospital inpatient,,,
E300454,yes,Hospital inpatient,,,
E289380,yes,CDI,Hospital inpatient,,
E280016,yes,Management,News,,
E286482,yes,Hospital inpatient,,,
E293992,yes,Hospital inpatient,ICD-10-PCS,,
E304650,no,,,,
E308602,yes,Management,Hospital inpatient,,
E309353,yes,Hospital inpatient,,,
E301277,yes,Management,ICD-10-CM,,
E319924,yes,Management,,,
E281001,yes,Management,,,
E285474,yes,Hospital inpatient,,,
E274765,yes,News,Management,,
E301276,yes,Hospital inpatient,,,
E291131,yes,CDI,,,
E320768,yes,ICD-10-CM,ICD-10-PCS,,
E290243,yes,Hospital inpatient,,,
E277804,yes,Management,,,
E288296,yes,Hospital inpatient,,,
E281002,yes,Hospital inpatient,,,
E286481,yes,Hospital inpatient,ICD-10-PCS,,
E298399,yes,Hospital inpatient,ICD-10-PCS,,
E316743,yes,Hospital inpatient,ICD-10-PCS,CDI,
E276983,yes,Management,Hospital inpatient,,
E276987,yes,Management,News,,
E284262,yes,Hospital inpatient,,,
E293991,yes,Ask the expert,ICD-10-PCS,ICD-10-CM,
E280020,yes,Hospital inpatient,,,
E312369,yes,CDI,Hospital inpatient,,
E303203,yes,CDI,ICD-10-PCS,,
E281000,yes,Management,News,,
E314491,yes,Hospital inpatient,,,
E275761,yes,Hospital inpatient,,,
E293993,yes,Hospital inpatient,ICD-10-CM,,
E305666,yes,Management,Hospital inpatient,,
E296217,yes,Management,Hospital inpatient,,
E278842,yes,Hospital inpatient,,,
E275760,no,,,,
E284260,yes,ICD-10-CM,,,
E274764,no,,,,
E311803,yes,Hospital inpatient,ICD-10-PCS,,
E320766,yes,Hospital inpatient,,,
E307508,yes,ICD-10-CM,ICD-10-PCS,,
E280017,yes,Hospital inpatient,,,
E313405,yes,CDI,Hospital inpatient,,
E283092,yes,Hospital inpatient,,,
E297331,yes,Hospital inpatient,ICD-10-CM,,
E296220,yes,CDI,ICD-10-CM,ICD-10-PCS,
E282087,yes,ICD-10-CM,,,
E309355,yes,ICD-10-CM,,,
E292150,yes,ICD-10-CM,,,
E308601,yes,ICD-10-CM,,,
E276985,yes,ICD-10-CM,,,
E314492,yes,Hospital inpatient,,,
E278843,yes,Management,,,
E309356,yes,Hospital inpatient,,,
E314494,yes,Hospital inpatient,ICD-10-CM,,
E286484,yes,Management,,,
E306376,yes,Hospital inpatient,ICD-10-CM,,
E287509,yes,CDI,Hospital inpatient,,
E282084,yes,CDI,Hospital inpatient,,
E305670,yes,Management,ICD-10-CM,,
E306377,yes,Management,ICD-10-CM,,
E305668,yes,Management,ICD-10-PCS,,
E275762,yes,ICD-10-CM,,,
E290240,yes,Hospital inpatient,,,
E297334,yes,Management,,,
E296222,yes,ICD-10-CM,,,
E293391,yes,CDI,Hospital inpatient,,
E307510,yes,Management,,,
E308604,yes,Hospital inpatient,,,
E280999,yes,Hospital inpatient,ICD-10-CM,,
E304651,yes,Hospital inpatient,,,
E317806,yes,Hospital inpatient,,,
E303653,no,,,,
E291135,yes,Hospital inpatient,,,
E288298,yes,ICD-10-CM,,,
E280019,yes,Hospital inpatient,,,
E297332,yes,Hospital inpatient,,,
E305669,yes,Anatomy and terminology,,,
E277651,no,,,,
E275388,no,,,,
E282406,no,,,,
E296127,no,,,,
E283402,no,,,,
E308192,yes,Hospital inpatient,,,
E289198,yes,ICD-10-PCS,Hospital inpatient,,
E291901,yes,CDI,,,
E300359,yes,ICD-10-CM,ICD-10-PCS,,
E293360,yes,Management,,,
E274859,yes,Physician practice,,,
E286625,yes,Management,,,
E281425,yes,Hospital inpatient,,,
E315060,yes,ICD-10-CM,Hospital inpatient,,
E311350,yes,Anatomy and terminology,ICD-10-PCS,Hospital inpatient,
E301381,yes,Hospital inpatient,,,
E278761,yes,Management,,,
E296118,yes,Management,,,
E309552,yes,ICD-10-PCS,Hospital inpatient,,
E309985,yes,Hospital inpatient,ICD-10-CM,,
E278217,yes,CDI,Hospital inpatient,,
E282883,yes,Management,,,
E294691,yes,Hospital inpatient,,,
E313590,yes,CDI,Management,,
E274875,no,,,,
E275408,no,,,,
E275993,no,,,,
E276573,no,,,,
E277117,no,,,,
E277669,no,,,,
E278230,no,,,,
E278773,no,,,,
E279230,no,,,,
E279882,no,,,,
E280428,no,,,,
E280817,no,,,,
E281433,no,,,,
E282419,no,,,,
E282892,no,,,,
E283412,no,,,,
E283823,no,,,,
E284334,no,,,,
E284809,no,,,,
E285246,no,,,,
E285731,no,,,,
E286185,no,,,,
E286633,no,,,,
E287133,no,,,,
E287620,no,,,,
E288328,no,,,,
E288768,no,,,,
E289209,no,,,,
E289608,no,,,,
E290056,no,,,,
E318538,yes,ICD-10-PCS,Hospital inpatient,,
E290516,yes,Hospital inpatient,,,
E298009,yes,Hospital inpatient,,,
E310859,yes,Hospital inpatient,,,
E295160,yes,ICD-10-PCS,Hospital inpatient,,
E275400,yes,Hospital inpatient,,,
E309561,no,,,,
E297101,yes,CDI,,,
E314157,yes,CDI,,,
E298894,yes,Management,News,,
E308190,yes,ICD-10-PCS,Hospital inpatient,,
E283403,yes,Hospital inpatient,,,
E299959,yes,Hospital inpatient,,,
E297100,yes,CDI,Hospital inpatient,,
E315568,yes,Management,,,
E321384,yes,News,,,
E291903,yes,Hospital inpatient,News,,
E283404,yes,News,,,
E305613,yes,News,,,
E316990,yes,Hospital inpatient,News,,
E304041,yes,Hospital inpatient,News,,
E320447,yes,Hospital inpatient,News,,
E321385,no,,,,
E274855,yes,Hospital inpatient,News,,
E307834,yes,Hospital inpatient,News,,
E294692,yes,News,,,
E290519,yes,Management,,,
E287124,yes,Management,,,
E293361,yes,CDI,ICD-10-CM,ICD-10-PCS,
E274870,no,,,,
E275405,no,,,,
E275989,no,,,,
E276570,no,,,,
E277112,no,,,,
E277665,no,,,,
E278226,no,,,,
E278770,no,,,,
E279227,no,,,,
E279878,no,,,,
E280423,no,,,,
E280814,no,,,,
E281430,no,,,,
E282416,no,,,,
E282889,no,,,,
E283408,no,,,,
E283820,no,,,,
E284331,no,,,,
E284805,no,,,,
E285243,no,,,,
E285728,no,,,,
E286182,no,,,,
E286630,no,,,,
E287130,no,,,,
E287616,no,,,,
E288325,no,,,,
E288765,no,,,,
E289205,no,,,,
E289605,no,,,,
E290052,no,,,,
E290525,no,,,,
E290944,no,,,,
E291336,no,,,,
E291913,no,,,,
E292416,no,,,,
E292904,no,,,,
E283401,yes,Management,,,
E308680,yes,ICD-10-PCS,Hospital inpatient,,
E313029,yes,ICD-10-PCS,Hospital inpatient,,
E317536,yes,ICD-10-CM,ICD-10-PCS,,
E315061,yes,Hospital inpatient,,,
E281423,yes,Hospital inpatient,,,
E279209,yes,ICD-10-PCS,Hospital inpatient,,
E291330,yes,Management,,,
E313589,yes,CDI,,,
E311349,no,,,,
E306883,yes,CDI,,,
E290044,yes,ICD-10-PCS,,,
E303194,yes,ICD-10-CM,,,
E291906,yes,Management,,,
E303690,yes,Management,,,
E295664,no,,,,
E276561,no,,,,
E284320,yes,Management,,,
E303691,yes,Hospital inpatient,,,
E312125,yes,Hospital inpatient,,,
E274854,no,,,,
E275389,no,,,,
E275953,no,,,,
E276546,no,,,,
E277095,no,,,,
E277652,no,,,,
E278212,no,,,,
E278758,no,,,,
E279205,no,,,,
E279867,no,,,,
E280411,no,,,,
E280806,no,,,,
E281422,no,,,,
E282407,no,,,,
E282878,no,,,,
E283400,no,,,,
E283812,no,,,,
E284317,no,,,,
E284794,no,,,,
E285234,no,,,,
E285720,no,,,,
E286174,no,,,,
E286622,no,,,,
E287122,no,,,,
E287604,no,,,,
E288316,no,,,,
E288757,no,,,,
E289195,no,,,,
E289595,no,,,,
E290042,no,,,,
E290515,no,,,,
E290934,no,,,,
E291328,no,,,,
E291899,no,,,,
E292408,no,,,,
E292892,no,,,,
E293359,no,,,,
E294204,no,,,,
E294690,no,,,,
E295159,no,,,,
E295663,no,,,,
E296114,no,,,,
E296633,no,,,,
E297099,no,,,,
E297599,no,,,,
E298004,no,,,,
E298501,no,,,,
E298892,no,,,,
E299367,no,,,,
E299957,no,,,,
E300355,no,,,,
E314655,yes,Hospital inpatient,,,
E297600,yes,ICD-10-PCS,,,
E298893,yes,Hospital inpatient,,,
E302241,yes,ICD-10-CM,,,
E289197,yes,ICD-10-CM,,,
E319529,yes,Management,,,
E310858,yes,ICD-10-CM,,,
E305160,yes,ICD-10-PCS,,,
E278759,yes,Management,,,
E320000,yes,ICD-10-PCS,,,
E302239,yes,ICD-10-PCS,,,
E321875,yes,Management,,,
E305162,yes,ICD-10-PCS,,,
E301818,yes,CDI,,,
E312593,yes,Hospital inpatient,,,
E304689,yes,ICD-10-CM,CDI,,
E314158,yes,Hospital inpatient,,,
E298502,yes,CDI,,,
E319531,yes,ICD-10-PCS,,,
E307322,yes,ICD-10-PCS,,,
E313028,yes,ICD-10-PCS,,,
E316499,yes,ICD-10-CM,,,
E303689,yes,ICD-10-PCS,,,
E320444,yes,ICD-10-PCS,,,
E289597,yes,Hospital inpatient,,,
E296635,yes,CDI,Management,,
E296634,yes,CDI,,,
E309984,yes,ICD-10-PCS,,,
E300852,yes,News,,,
E278216,yes,CDI,,,
E282882,no,,,,
E287606,yes,ICD-10-CM,,,
E290517,yes,Management,,,
E291329,yes,Management,,,
E310447,yes,ICD-10-CM,,,
E319998,yes,ICD-10-PCS,,,
E289596,yes,CDI,,,
E301812,yes,ICD-10-PCS,,,
E316049,yes,Management,,,
E290057,no,,,,
E291326,no,,,,
E314664,no,,,,
E287608,no,,,,
E290513,no,,,,
E290932,no,,,,
E299365,no,,,,
E300849,no,,,,
E293375,no,,,,
E280415,yes,CDI,Management,,
E305161,yes,CDI,,,
E284798,yes,Hospital inpatient,,,
E281424,yes,Hospital inpatient,,,
E298895,yes,CDI,,,
E287125,yes,CDI,,,
E286177,yes,Management,,,
E278214,yes,CDI,Hospital inpatient,,
E304231,no,,,,
E299966,yes,ICD-10-CM,,,
E315570,yes,Management,,,
E319012,yes,Hospital inpatient,,,
E307318,yes,ICD-10-CM,,,
E310857,yes,ICD-10-CM,,,
E301382,yes,Hospital inpatient,,,
E319014,yes,Hospital inpatient,,,
E285238,yes,Hospital inpatient,,,
E295666,yes,Hospital inpatient,,,
E274872,no,,,,
E275407,no,,,,
E275992,no,,,,
E276572,no,,,,
E277115,no,,,,
E277668,no,,,,
E278229,no,,,,
E278772,no,,,,
E279229,no,,,,
E279880,no,,,,
E280426,no,,,,
E280816,no,,,,
E281432,no,,,,
E282418,no,,,,
E282891,no,,,,
E283411,no,,,,
E283822,no,,,,
E284333,no,,,,
E284807,no,,,,
E285245,no,,,,
E285730,no,,,,
E286184,no,,,,
E286632,no,,,,
E287132,no,,,,
E287619,no,,,,
E288327,no,,,,
E288767,no,,,,
E289208,no,,,,
E289607,no,,,,
E290054,no,,,,
E290527,no,,,,
E290946,no,,,,
E291338,no,,,,
E291915,no,,,,
E292418,no,,,,
E292906,no,,,,
E293372,no,,,,
E294213,no,,,,
E294699,no,,,,
E295168,no,,,,
E295672,no,,,,
E296125,no,,,,
E296642,no,,,,
E297112,no,,,,
E297608,no,,,,
E298015,no,,,,
E298510,no,,,,
E298901,no,,,,
E299376,no,,,,
E299980,no,,,,
E300366,no,,,,
E300859,no,,,,
E301388,no,,,,
E301824,no,,,,
E302247,no,,,,
E303261,no,,,,
E303697,no,,,,
E304239,no,,,,
E304698,no,,,,
E305168,no,,,,
E305619,no,,,,
E306418,no,,,,
E306891,no,,,,
E307328,no,,,,
E307841,no,,,,
E308198,no,,,,
E308687,no,,,,
E309121,no,,,,
E309559,no,,,,
E309992,no,,,,
E310455,no,,,,
E310865,no,,,,
E311357,no,,,,
E312133,no,,,,
E312600,no,,,,
E313036,no,,,,
E313599,no,,,,
E314165,no,,,,
E314661,no,,,,
E315067,no,,,,
E315576,no,,,,
E316057,no,,,,
E316506,no,,,,
E317003,no,,,,
E317556,no,,,,
E320918,no,,,,
E321885,no,,,,
E320454,no,,,,
E321391,no,,,,
E320009,no,,,,
E319537,no,,,,
E319020,no,,,,
E318544,no,,,,
E284799,yes,News,Hospital inpatient,,
E292409,yes,News,Hospital inpatient,,
E314159,yes,CDI,,,
E299370,yes,ICD-10-CM,,,
E287610,yes,ICD-10-PCS,,,
E279217,yes,ICD-10-CM,,,
E290935,yes,ICD-10-PCS,,,
E320910,yes,ICD-10-PCS,,,
E304232,yes,CDI,,,
E305609,no,,,,
E297097,no,,,,
E286626,yes,News,,,
E303692,yes,News,,,
E312128,yes,News,,,
E298896,yes,News,,,
E316501,yes,News,,,
E307836,yes,News,,,
E308682,yes,News,,,
E279872,yes,News,,,
E320001,yes,News,,,
E310450,yes,News,,,
E290046,yes,News,,,
E311352,yes,News,,,
E314656,yes,News,,,
E284800,yes,News,,,
E306412,yes,News,,,
E290938,yes,News,,,
E308193,yes,News,,,
E320448,yes,News,,,
E319532,yes,News,,,
E309987,yes,News,,,
E307323,yes,News,,,
E320913,yes,News,,,
E278218,yes,News,,,
E321880,yes,News,,,
E280810,yes,News,,,
E309554,yes,News,,,
E275968,yes,News,,,
E278762,yes,News,,,
E305614,yes,News,,,
E302242,yes,News,,,
E287126,yes,News,,,
E318539,yes,News,,,
E315571,yes,News,,,
E276562,yes,News,,,
E285724,yes,News,,,
E288761,yes,News,,,
E291332,yes,News,,,
E292898,yes,News,,,
E304693,yes,News,,,
E292412,yes,News,,,
E300361,yes,News,,,
E282885,yes,News,,,
E280416,yes,News,,,
E313592,yes,News,,,
E282411,yes,News,,,
E305163,yes,News,,,
E301383,yes,News,,,
E295667,yes,News,,,
E294208,yes,News,,,
E303256,yes,News,,,
E301819,yes,News,,,
E284326,yes,News,,,
E309116,yes,News,,,
E274863,yes,News,,,
E312595,yes,News,,,
E288321,yes,News,,,
E298010,yes,News,,,
E321386,yes,News,,,
E313031,yes,News,,,
E283816,yes,News,,,
E279222,yes,News,,,
E319015,yes,News,,,
E289199,yes,News,,,
E286178,yes,News,,,
E297107,yes,News,,,
E298505,yes,News,,,
E294694,yes,News,,,
E317545,yes,News,,,
E300854,yes,News,,,
E291907,yes,News,,,
E289599,yes,News,,,
E293365,yes,News,,,
E290521,yes,News,,,
E281426,yes,News,,,
E277658,yes,News,,,
E310860,yes,News,,,
E296120,yes,News,,,
E299371,yes,News,,,
E304234,yes,News,,,
E285239,yes,News,,,
E316995,yes,News,,,
E275401,yes,News,,,
E295163,yes,News,,,
E316052,yes,News,,,
E306886,yes,News,,,
E296637,yes,News,,,
E287611,yes,News,,,
E299972,yes,News,,,
E314160,yes,News,,,
E277101,yes,News,,,
E297603,yes,News,,,
E315062,yes,News,,,
E305158,no,,,,
E317559,no,,,,
E308689,no,,,,
E285235,yes,CDI,,,
E274856,yes,Management,,,
E298001,no,,,,
E275950,no,,,,
E297595,no,,,,
E274853,no,,,,
E278211,no,,,,
E293354,no,,,,
E290528,no,,,,
E290947,no,,,,
E291916,no,,,,
E292419,no,,,,
E292907,no,,,,
E293373,no,,,,
E294700,no,,,,
E295169,no,,,,
E295673,no,,,,
E296643,no,,,,
E297113,no,,,,
E297609,no,,,,
E298016,no,,,,
E298511,no,,,,
E298902,no,,,,
E299377,no,,,,
E299981,no,,,,
E300367,no,,,,
E300860,no,,,,
E301389,no,,,,
E301825,no,,,,
E302248,no,,,,
E303262,no,,,,
E303698,no,,,,
E304240,no,,,,
E304699,no,,,,
E312134,no,,,,
E305169,no,,,,
E305620,no,,,,
E306419,no,,,,
E306892,no,,,,
E307329,no,,,,
E307842,no,,,,
E308199,no,,,,
E308688,no,,,,
E309122,no,,,,
E309560,no,,,,
E309993,no,,,,
E310456,no,,,,
E310866,no,,,,
E311358,no,,,,
E312601,no,,,,
E313037,no,,,,
E313600,no,,,,
E314166,no,,,,
E314662,no,,,,
E315068,no,,,,
E315577,no,,,,
E316058,no,,,,
E316507,no,,,,
E317004,no,,,,
E317557,no,,,,
E291339,no,,,,
E294214,no,,,,
E296126,no,,,,
E318545,no,,,,
E319021,no,,,,
E319538,no,,,,
E320010,no,,,,
E320920,no,,,,
E321392,no,,,,
E321886,no,,,,
E279868,yes,Management,,,
E283815,yes,Management,,,
E279206,yes,Management,,,
E283814,yes,ICD-10-CM,,,
E276552,yes,ICD-10-CM,,,
E304690,yes,ICD-10-CM,,,
E307320,yes,ICD-10-CM,,,
E286176,yes,ICD-10-CM,ICD-10-PCS,,
E313030,yes,ICD-10-PCS,,,
E320912,yes,ICD-10-PCS,,,
E296115,yes,ICD-10-PCS,,,
E295161,yes,ICD-10-PCS,,,
E277096,yes,Hospital inpatient,,,
E314654,yes,ICD-10-PCS,,,
E306411,yes,CDI,,,
E309551,yes,ICD-10-CM,,,
E300853,yes,Management,,,
E319530,yes,Management,,,
E320911,yes,Management,,,
E306409,yes,Management,,,
E316987,yes,Hospital inpatient,,,
E300851,yes,ICD-10-PCS,,,
E316500,yes,Hospital inpatient,,,
E288318,yes,Hospital inpatient,,,
E304233,no,,,,
E294205,yes,Hospital inpatient,,,
E285237,yes,Hospital inpatient,,,
E277653,yes,Hospital inpatient,,,
E308191,yes,Management,,,
E275952,yes,Management,,,
E296116,yes,Hospital inpatient,News,,
E275396,yes,Management,,,
E307835,yes,Management,,,
E306884,yes,ICD-10-CM,,,
E298504,yes,CDI,,,
E311359,no,,,,
E275384,no,,,,
E275948,no,,,,
E276540,no,,,,
E318536,yes,ICD-10-PCS,,,
E288759,yes,Management,,,
E288319,yes,CDI,,,
E279869,yes,Hospital inpatient,,,
E277657,yes,Hospital inpatient,,,
E297602,yes,ICD-10-PCS,,,
E296636,yes,CDI,,,
E312126,yes,Hospital inpatient,,,
E303255,yes,Hospital inpatient,,,
E288758,yes,Hospital inpatient,,,
E316059,no,,,,
E286623,yes,ICD-10-PCS,,,
E292893,yes,ICD-10-PCS,,,
E306885,yes,Management,,,
E295665,yes,CDI,,,
E321879,yes,Management,,,
E292411,yes,Hospital inpatient,CDI,,
E287123,yes,Management,,,
E297601,yes,ICD-10-PCS,,,
E303254,yes,ICD-10-CM,ICD-10-PCS,Management,
E290937,yes,ICD-10-CM,ICD-10-PCS,,
E309114,yes,Hospital inpatient,,,
E275399,yes,Management,,,
E310448,yes,Hospital inpatient,,,
E311351,yes,Management,,,
E282890,no,Management,,,
E293371,no,,,,
E298008,yes,Management,,,
E274871,no,,,,
E275406,no,,,,
E275990,no,,,,
E276571,no,,,,
E277113,no,,,,
E277667,no,,,,
E278227,no,,,,
E278771,no,,,,
E279228,no,,,,
E279879,no,,,,
E280424,no,,,,
E280815,no,,,,
E281431,no,,,,
E282417,no,,,,
E283410,no,,,,
E283821,no,,,,
E284332,no,,,,
E284806,no,,,,
E285244,no,,,,
E285729,no,,,,
E286183,no,,,,
E286631,no,,,,
E287131,no,,,,
E287617,no,,,,
E288326,no,,,,
E288766,no,,,,
E289206,no,,,,
E289606,no,,,,
E290053,no,,,,
E290526,no,,,,
E290945,no,,,,
E291337,no,,,,
E291914,no,,,,
E292417,no,,,,
E292905,no,,,,
E294212,no,,,,
E294698,no,,,,
E295167,no,,,,
E295671,no,,,,
E296124,no,,,,
E296641,no,,,,
E297111,no,,,,
E297607,no,,,,
E298014,no,,,,
E298509,no,,,,
E298900,no,,,,
E299375,no,,,,
E299978,no,,,,
E300365,no,,,,
E300858,no,,,,
E301387,no,,,,
E301823,no,,,,
E302246,no,,,,
E303260,no,,,,
E303696,no,,,,
E304238,no,,,,
E304697,no,,,,
E305167,no,,,,
E305618,no,,,,
E306417,no,,,,
E306890,no,,,,
E307327,no,,,,
E307840,no,,,,
E308197,no,,,,
E308686,no,,,,
E309120,no,,,,
E309558,no,,,,
E309991,no,,,,
E310454,no,,,,
E310864,no,,,,
E311356,no,,,,
E312132,no,,,,
E312599,no,,,,
E313035,no,,,,
E313598,no,,,,
E314164,no,,,,
E314660,no,,,,
E315066,no,,,,
E315575,no,,,,
E316056,no,,,,
E316505,no,,,,
E317002,no,,,,
E317555,no,,,,
E320917,no,,,,
E320005,no,,,,
E320453,no,,,,
E318543,no,,,,
E321884,no,,,,
E319536,no,,,,
E321390,no,,,,
E319019,no,,,,
E321382,yes,Management,,,
E280808,yes,ICD-10-CM,,,
E315569,yes,Hospital inpatient,,,
E289196,yes,Management,,,
E292406,no,,,,
E291896,no,,,,
E282409,yes,Hospital inpatient,,,
E290514,no,,,,
E274852,no,,,,
E275386,no,,,,
E275949,no,,,,
E276541,no,,,,
E277094,no,,,,
E277650,no,,,,
E278207,no,,,,
E278757,no,,,,
E279204,no,,,,
E279866,no,,,,
E280410,no,,,,
E280805,no,,,,
E281421,no,,,,
E282405,no,,,,
E282876,no,,,,
E283399,no,,,,
E283811,no,,,,
E284316,no,,,,
E284793,no,,,,
E285233,no,,,,
E285719,no,,,,
E286173,no,,,,
E286621,no,,,,
E287121,no,,,,
E287603,no,,,,
E288315,no,,,,
E288756,no,,,,
E289194,no,,,,
E289594,no,,,,
E290040,no,,,,
E290933,no,,,,
E291327,no,,,,
E291898,no,,,,
E292407,no,,,,
E292890,no,,,,
E293357,no,,,,
E294203,no,,,,
E294689,no,,,,
E295158,no,,,,
E295662,no,,,,
E296113,no,,,,
E296632,no,,,,
E297098,no,,,,
E297598,no,,,,
E298003,no,,,,
E298500,no,,,,
E298891,no,,,,
E299366,no,,,,
E299955,no,,,,
E300353,no,,,,
E300850,no,,,,
E301377,no,,,,
E301811,no,,,,
E302238,no,,,,
E303193,no,,,,
E303688,no,,,,
E304230,no,,,,
E304686,no,,,,
E305159,no,,,,
E305610,no,,,,
E306408,no,,,,
E306882,no,,,,
E307317,no,,,,
E307832,no,,,,
E312591,no,,,,
E308189,no,,,,
E308677,no,,,,
E309112,no,,,,
E309550,no,,,,
E309983,no,,,,
E310446,no,,,,
E310856,no,,,,
E311348,no,,,,
E312123,no,,,,
E313027,no,,,,
E313588,no,,,,
E314156,no,,,,
E314652,no,,,,
E315057,no,,,,
E315566,no,,,,
E316047,no,,,,
E316497,no,,,,
E316986,no,,,,
E317534,no,,,,
E318530,no,,,,
E319011,no,,,,
E319528,no,,,,
E319997,no,,,,
E320442,no,,,,
E320909,no,,,,
E321381,no,,,,
E321871,no,,,,
E321872,no,,,,
E309986,yes,Hospital inpatient,,,
E302240,yes,ICD-10-CM,,,
E286624,yes,Hospital inpatient,,,
E300358,yes,Hospital inpatient,,,
E280807,yes,ICD-10-PCS,,,
E299369,yes,ICD-10-PCS,,,
E312594,yes,Management,,,
E275966,yes,Management,,,
E292410,yes,Management,,,
E278760,yes,Management,,,
E275956,yes,Hospital inpatient,,,
E282410,yes,Hospital inpatient,,,
E287609,yes,ICD-10-PCS,,,
E299368,yes,ICD-10-PCS,,,
E317543,yes,ICD-10-PCS,,,
E280809,yes,Management,,,
E290045,yes,Hospital inpatient,,,
E274868,no,,,,
E275403,no,,,,
E275984,no,,,,
E276566,no,,,,
E277110,no,,,,
E277662,no,,,,
E278223,no,,,,
E278768,no,,,,
E279225,no,,,,
E281428,no,,,,
E282414,no,,,,
E291334,no,,,,
E291910,no,,,,
E288323,no,,,,
E286628,no,,,,
E287128,no,,,,
E282887,no,,,,
E290523,no,,,,
E294696,no,,,,
E283406,no,,,,
E295669,no,,,,
E307838,no,,,,
E289603,no,,,,
E292414,no,,,,
E314658,no,,,,
E315064,no,,,,
E285726,no,,,,
E289202,no,,,,
E290942,no,,,,
E309989,no,,,,
E321388,no,,,,
E297605,no,,,,
E298012,no,,,,
E315573,no,,,,
E310452,no,,,,
E290050,no,,,,
E320003,no,,,,
E313033,no,,,,
E313596,no,,,,
E305616,no,,,,
E308195,no,,,,
E308684,no,,,,
E311354,no,,,,
E303694,no,,,,
E279875,no,,,,
E314162,no,,,,
E312597,no,,,,
E320915,no,,,,
E292902,no,,,,
E280812,no,,,,
E293368,no,,,,
E306415,no,,,,
E306888,no,,,,
E310862,no,,,,
E316054,no,,,,
E295165,no,,,,
E296122,no,,,,
E299373,no,,,,
E283818,no,,,,
E304236,no,,,,
E304695,no,,,,
E309556,no,,,,
E319017,no,,,,
E319534,no,,,,
E316503,no,,,,
E284328,no,,,,
E284803,no,,,,
E309118,no,,,,
E286180,no,,,,
E300856,no,,,,
E301385,no,,,,
E301821,no,,,,
E302244,no,,,,
E280420,no,,,,
E312130,no,,,,
E298507,no,,,,
E294210,no,,,,
E317000,no,,,,
E317547,no,,,,
E318541,no,,,,
E305165,no,,,,
E303258,no,,,,
E307325,no,,,,
E287614,no,,,,
E296639,no,,,,
E297109,no,,,,
E288763,no,,,,
E299975,no,,,,
E300363,no,,,,
E298898,no,,,,
E285241,no,,,,
E316498,yes,Hospital inpatient,,,
E316060,yes,Hospital inpatient,,,
E297604,yes,Hospital inpatient,Ask the Expert,,
E308194,yes,Hospital inpatient,Ask the Expert,,
E280418,yes,Hospital inpatient,Ask the Expert,,
E282412,yes,Hospital inpatient,Ask the Expert,,
E312596,yes,Hospital inpatient,Ask the Expert,,
E292413,yes,Hospital inpatient,Ask the Expert,,
E319016,yes,Hospital inpatient,Ask the Expert,,
E310451,yes,Hospital inpatient,Ask the Expert,,
E278219,yes,Hospital inpatient,Ask the Expert,,
E280811,yes,Hospital inpatient,Ask the Expert,,
E276564,yes,Hospital inpatient,Ask the Expert,,
E316053,yes,Hospital inpatient,Ask the Expert,,
E284327,yes,Hospital inpatient,Ask the Expert,,
E275981,yes,Hospital inpatient,Ask the Expert,,
E283405,yes,Hospital inpatient,Ask the Expert,,
E283817,yes,Hospital inpatient,Ask the Expert,,
E279873,yes,Hospital inpatient,Ask the Expert,,
E296638,yes,Hospital inpatient,Ask the Expert,,
E279224,yes,Hospital inpatient,Ask the Expert,,
E278767,yes,Hospital inpatient,Ask the Expert,,
E275402,yes,Hospital inpatient,Ask the Expert,,
E288762,yes,Hospital inpatient,Ask the Expert,,
E282886,yes,Hospital inpatient,Ask the Expert,,
E281427,yes,Hospital inpatient,Ask the Expert,,
E285240,yes,Hospital inpatient,Ask the Expert,,
E289601,yes,Hospital inpatient,Ask the Expert,,
E284802,yes,Hospital inpatient,Ask the Expert,,
E285725,yes,Hospital inpatient,Ask the Expert,,
E317546,yes,Hospital inpatient,Ask the Expert,,
E316998,yes,Hospital inpatient,Ask the Expert,,
E313032,yes,Hospital inpatient,Ask the Expert,,
E277660,yes,Hospital inpatient,Ask the Expert,,
E320451,yes,Hospital inpatient,Ask the Expert,,
E300360,yes,Hospital inpatient,Ask the Expert,,
E309988,yes,Hospital inpatient,Ask the Expert,,
E309117,yes,Hospital inpatient,Ask the Expert,,
E306413,yes,Hospital inpatient,Ask the Expert,,
E288322,yes,Hospital inpatient,Ask the Expert,,
E304235,yes,Hospital inpatient,Ask the Expert,,
E319533,yes,Hospital inpatient,Ask the Expert,,
E318540,yes,Hospital inpatient,Ask the Expert,,
E314657,yes,Hospital inpatient,Ask the Expert,,
E320002,yes,Hospital inpatient,Ask the Expert,,
E297108,yes,Hospital inpatient,Ask the Expert,,
E289201,yes,Hospital inpatient,Ask the Expert,,
E287612,yes,Hospital inpatient,Ask the Expert,,
E307324,yes,Hospital inpatient,Ask the Expert,,
E295164,yes,Hospital inpatient,Ask the Expert,,
E290940,yes,Hospital inpatient,Ask the Expert,,
E321387,yes,Hospital inpatient,Ask the Expert,,
E315063,yes,Hospital inpatient,Ask the Expert,,
E286627,yes,Hospital inpatient,Ask the Expert,,
E307837,yes,Hospital inpatient,Ask the Expert,,
E301820,yes,Hospital inpatient,Ask the Expert,,
E291333,yes,Hospital inpatient,Ask the Expert,,
E312129,yes,Hospital inpatient,Ask the Expert,,
E316502,yes,Hospital inpatient,Ask the Expert,,
E294695,yes,Hospital inpatient,Ask the Expert,,
E302243,yes,Hospital inpatient,Ask the Expert,,
E315572,yes,Hospital inpatient,Ask the Expert,,
E277109,yes,Hospital inpatient,Ask the Expert,,
E320914,yes,Hospital inpatient,Ask the Expert,,
E314161,yes,Hospital inpatient,Ask the Expert,,
E296121,yes,Hospital inpatient,Ask the Expert,,
E274865,yes,Hospital inpatient,Ask the Expert,,
E298897,yes,Hospital inpatient,Ask the Expert,,
E298506,yes,Hospital inpatient,Ask the Expert,,
E310861,yes,Hospital inpatient,Ask the Expert,,
E298011,yes,Hospital inpatient,Ask the Expert,,
E299973,yes,Hospital inpatient,Ask the Expert,,
E292900,yes,Hospital inpatient,Ask the Expert,,
E287127,yes,Hospital inpatient,Ask the Expert,,
E295668,yes,Hospital inpatient,Ask the Expert,,
E294209,yes,Hospital inpatient,Ask the Expert,,
E301384,yes,Hospital inpatient,Ask the Expert,,
E299372,yes,Hospital inpatient,Ask the Expert,,
E321881,yes,Hospital inpatient,Ask the Expert,,
E308683,yes,Hospital inpatient,Ask the Expert,,
E311353,yes,Hospital inpatient,Ask the Expert,,
E293367,yes,Hospital inpatient,Ask the Expert,,
E303693,yes,Hospital inpatient,Ask the Expert,,
E304694,yes,Hospital inpatient,Ask the Expert,,
E309555,yes,Hospital inpatient,Ask the Expert,,
E306887,yes,Hospital inpatient,Ask the Expert,,
E300855,yes,Hospital inpatient,Ask the Expert,,
E291909,yes,Hospital inpatient,Ask the Expert,,
E305164,yes,Hospital inpatient,Ask the Expert,,
E305615,yes,Hospital inpatient,Ask the Expert,,
E303257,yes,Hospital inpatient,Ask the Expert,,
E313593,yes,Hospital inpatient,Ask the Expert,,
E290522,yes,Hospital inpatient,Ask the Expert,,
E290047,yes,Hospital inpatient,Ask the Expert,,
E286179,yes,Hospital inpatient,Ask the Expert,,
E312592,yes,CDI,,,
E295162,yes,CDI,ICD-10-PCS,,
E316051,yes,Hospital inpatient,,,
E319999,yes,ICD-10-CM,,,
E320446,yes,ICD-10-CM,,,
E316050,yes,ICD-10-CM,,,
E277097,yes,Hospital inpatient,,,
E297106,yes,ICD-10-CM,,,
E306410,yes,Hospital inpatient,,,
E292895,yes,ICD-10-CM,ICD-10-PCS,,
E308679,yes,Hospital inpatient,,,
E280414,yes,Hospital inpatient,,,
E288320,yes,Hospital inpatient,,,
E294693,yes,Management,,,
E285723,yes,ICD-10-CM,,,
E288760,yes,News,,,
E285722,yes,ICD-10-PCS,,,
E293364,yes,Hospital inpatient,,,
E300356,yes,Hospital inpatient,,,
E277098,yes,CDI,,,
E319013,yes,ICD-10-PCS,,,
E318537,yes,ICD-10-CM,,,
E302531,no,,,,
E296631,no,,,,
E308681,yes,ICD-10-CM,ICD-10-PCS,,
E280413,yes,Hospital inpatient,,,
E309113,no,,,,
E305611,yes,Hospital inpatient,,,
E321873,yes,Management,,,
E301380,yes,Hospital inpatient,,,
E314653,yes,CDI,,,
E315059,yes,ICD-10-CM,,,
E307833,yes,Hospital inpatient,,,
E283813,yes,ICD-10-CM,,,
E298503,yes,ICD-10-CM,,,
E292897,yes,ICD-10-CM,,,
E309553,yes,ICD-10-CM,,,
E282879,yes,Management,,,
E301817,yes,ICD-10-CM,,,
E290043,yes,Management,,,
E313591,yes,Management,,,
E310457,no,,,,
E304700,no,,,,
E291918,no,,,,
E294207,yes,CDI,,,
E276543,no,,,,
E279871,no,,,,
E286175,yes,Hospital inpatient,,,
E285721,yes,ICD-10-CM,ICD-10-PCS,,
E299970,yes,Management,,,
E281429,no,,,,
E283819,no,,,,
E284804,no,,,,
E285727,no,,,,
E286629,no,,,,
E287615,no,,,,
E288764,no,,,,
E289604,no,,,,
E292415,no,,,,
E293370,no,,,,
E294697,no,,,,
E295670,no,,,,
E296640,no,,,,
E297606,no,,,,
E298508,no,,,,
E299374,no,,,,
E301386,no,,,,
E302245,no,,,,
E304696,no,,,,
E305617,no,,,,
E306889,no,,,,
E307839,no,,,,
E308685,no,,,,
E309557,no,,,,
E310453,no,,,,
E311355,no,,,,
E312598,no,,,,
E313597,no,,,,
E314659,no,,,,
E315574,no,,,,
E316504,no,,,,
E317548,no,,,,
E317549,no,,,,
E317550,no,,,,
E317551,no,,,,
E317553,no,,,,
E320004,no,,,,
E319018,no,,,,
E275404,no,,,,
E276568,no,,,,
E277663,no,,,,
E278769,no,,,,
E279877,no,,,,
E280813,no,,,,
E282415,no,,,,
E283407,no,,,,
E284330,no,,,,
E285242,no,,,,
E286181,no,,,,
E287129,no,,,,
E296123,no,,,,
E288324,no,,,,
E289204,no,,,,
E290051,no,,,,
E290943,no,,,,
E291911,no,,,,
E292903,no,,,,
E294211,no,,,,
E295166,no,,,,
E297110,no,,,,
E298013,no,,,,
E298899,no,,,,
E299976,no,,,,
E300857,no,,,,
E301822,no,,,,
E303259,no,,,,
E303695,no,,,,
E304237,no,,,,
E305166,no,,,,
E306416,no,,,,
E307326,no,,,,
E308196,no,,,,
E309119,no,,,,
E309990,no,,,,
E310863,no,,,,
E312131,no,,,,
E313034,no,,,,
E314163,no,,,,
E315065,no,,,,
E316055,no,,,,
E317001,no,,,,
E320452,no,,,,
E321389,no,,,,
E320916,no,,,,
E319535,no,,,,
E321883,no,,,,
E274869,no,,,,
E275986,no,,,,
E277111,no,,,,
E278224,no,,,,
E279226,no,,,,
E280422,no,,,,
E282888,no,,,,
E290524,no,,,,
E291335,no,,,,
E300364,no,,,,
E318542,no,,,,
E275954,yes,CDI,Hospital inpatient,,
E277656,yes,Hospital inpatient,,,
E291331,yes,Hospital inpatient,,,
E317544,yes,Hospital inpatient,,,
E275961,yes,Management,,,
E305612,yes,ICD-10-PCS,,,
E294206,yes,Management,,,
E284322,yes,Management,,,
E304687,yes,Anatomy and terminology,,,
E276556,yes,Management,,,
E284323,yes,Management,,,
E310449,yes,Management,,,
E284796,yes,Management,,,
E312127,yes,Hospital inpatient,,,
E289598,yes,Management,,,
E282408,yes,Management,,,
E290936,yes,Management,,,
E298006,yes,Hospital inpatient,,,
E316994,yes,CDI,,,
E277654,no,,,,
E277655,no,,,,
E60404,yes,Health information management,,,
E60405,yes,Clinical documentation,,,
E60414,yes,Clinical documentation,Physician queries,,
E60449,yes,Health information management,,,
E60403,yes,Training,Clinical documentation,,
E60409,yes,Hospital outpatient,,,
E60415,yes,Physician queries,,,
E60407,yes,Hospital outpatient,,,
E60408,yes,Hospital outpatient,,,
E60410,yes,Health information management,,,
E60411,yes,Health information management,,,
E60413,yes,Health information management,,,
E60416,yes,Physician queries,Clinical documentation,,
E60480,yes,Health information management,,,
E72961,yes,Health information management,,,
E67756,yes,Clinical documentation,,,
E67708,yes,Clinical documentation,,,
E67757,yes,Physician queries,,,
E60648,yes,Health information management,,,
E60490,yes,Health information management,,,
E60492,yes,Clinical documentation,Physician queries,,
E202687,yes,Clinical documentation,,,
E78675,yes,Clinical documentation,,,
E78676,yes,Physician queries,,,
E78249,yes,Clinical documentation,,,
E203379,yes,Auditing and monitoring,,,
E203414,yes,Auditing and monitoring,,,
E78250,yes,Clinical documentation,,,
E206009,no,,,,
E206822,yes,Hospital inpatient,,,
E224020,yes,Health information management,,,
E226791,yes,Clinical documentation,Physician practice,,
E230174,yes,Physician queries,,,
E230851,yes,Physician queries,,,
E232515,yes,Physician queries,,,
E232844,yes,Training,,,
E235520,yes,Training,,,
E262363,yes,Training,,,
E263483,yes,Training,,,
E266734,yes,Auditing and monitoring,,,
E267387,yes,Auditing and monitoring,,,
E272833,yes,Auditing and monitoring,,,
E274302,yes,Hospital inpatient,,,
E277394,yes,Clinical documentation,,,
E280460,yes,Physician queries,,,
E280818,yes,Training,Anatomy and terminology,,
E282171,yes,Auditing and monitoring,,,
E282899,yes,Health information management,,,
E283421,yes,Physician queries,,,
E283830,yes,Physician queries,,,
E285257,yes,Hospital inpatient,Clinical documentation,,
E285970,yes,Physician queries,Clinical documentation,,
E286477,yes,Hospital outpatient,,,
E286640,yes,Hospital inpatient,,,
E286890,yes,Health information management,,,
E287140,yes,Clinical documentation,Physician queries,,
E288339,yes,Physician queries,,,
E289616,yes,Clinical documentation,,,
E290067,yes,Physician queries,,,
E290534,yes,Clinical documentation,,,
E290745,yes,Auditing and monitoring,,,
E291931,yes,Clinical documentation,,,
E292421,yes,Training,,,
E293425,yes,Clinical documentation,Physician queries,,
E294215,yes,Clinical documentation,,,
E298020,yes,Clinical documentation,Physician queries,,
E298514,yes,Physician queries,,,
E298734,yes,Physician queries,,,
E299139,yes,Clinical documentation,,,
E299983,yes,Physician queries,,,
E300171,yes,Training,Anatomy and terminology,,
E300374,yes,Physician queries,,,
E300701,yes,Training,,,
E303723,yes,Clinical documentation,,,
E305421,yes,Health information management,,,
E306213,yes,Clinical documentation,,,
E307126,yes,Clinical documentation,,,
E307330,yes,Training,,,
E302910,yes,Auditing and monitoring,,,
E308021,yes,Training,,,
E310228,yes,Clinical documentation,,,
E311893,yes,Training,Anatomy and terminology,,
E312135,yes,Physician queries,,,
E312362,yes,Clinical documentation,,,
E313038,yes,Physician queries,,,
E313949,yes,Clinical documentation,,,
E314429,yes,Training,,,
E310727,yes,Training,,,
E309123,yes,Training,,,
E308938,yes,Training,Anatomy and terminology,,
E309562,yes,Training,,,
E306420,yes,Training,,,
E314663,yes,Physician queries,,,
E315058,yes,Physician queries,,,
E315346,yes,Questions and answers,,,
E315841,yes,Training,,,
E316046,yes,Physician queries,,,
E317325,yes,Training,,,
E317842,yes,Clinical documentation,,,
E318787,yes,Clinical documentation,,,
E319527,yes,Physician queries,,,
E318531,yes,Physician queries,,,
E316985,yes,Physician queries,,,
E315567,yes,Physician queries,,,
E310458,yes,Physician queries,,,
E303263,yes,Clinical documentation,Physician queries,,
E319996,yes,Physician queries,,,
E60399,yes,Health information management,,,
E60406,yes,Training,,,
E60441,yes,Auditing and monitoring,,,
E60448,yes,Health information management,,,
E60450,yes,Health information management,,,
E60452,yes,Health information management,,,
E60456,yes,Clinical documentation,,,
E60457,yes,Auditing and monitoring,,,
E60402,yes,Training,,,
E60400,yes,Clinical documentation,,,
E60442,yes,Health information management,,,
E60443,yes,Hospital outpatient,,,
E60444,yes,Health information management,,,
E60451,yes,Auditing and monitoring,,,
E60453,yes,Health information management,,,
E60455,yes,Clinical documentation,,,
E60474,yes,Auditing and monitoring,,,
E60477,yes,Auditing and monitoring,,,
E60478,yes,Health information management,,,
E60488,yes,Health information management,,,
E60489,yes,Health information management,,,
E60491,yes,Health information management,,,
E60500,yes,Health information management,,,
E71237,yes,Health information management,,,
E76319,yes,Health information management,,,
E210655,yes,Hospital inpatient,Physician queries,,
E219595,yes,Health information management,,,
E221441,yes,Health information management,,,
E229085,yes,Health information management,,,
E231314,no,,,,
E235894,yes,Auditing and monitoring,Physician practice,,
E236934,yes,Auditing and monitoring,,,
E237925,yes,Auditing and monitoring,,,
E279201,yes,Training,,,
E284344,yes,Auditing and monitoring,Health information management,,
E285742,no,,,,
E296901,yes,Health information management,,,
E298903,yes,Training,,,
E74999,yes,Health information management,,,
E75290,no,,,,
E75292,yes,Clinical documentation,,,
E202511,yes,Clinical documentation,,,
E205546,yes,Hospital inpatient,,,
E208654,yes,Hospital inpatient,,,
E213966,yes,Health information management,,,
E213968,yes,Health information management,,,
E271657,yes,Health information management,,,
E296648,yes,Health information management,,,
E301826,yes,Hospital inpatient,,,
E314167,yes,Health information management,,,
E60481,yes,Health information management,,,
E60482,yes,Health information management,,,
E70741,no,,,,
E68253,yes,Auditing and monitoring,,,
E67010,yes,Clinical documentation,,,
E73044,no,,,,
E71503,yes,Clinical documentation,,,
E71816,yes,Health information management,,,
E68650,no,,,,
E77705,yes,Health information management,,,
E66582,yes,Health information management,,,
E77948,no,,,,
E66712,yes,Health information management,,,
E76077,no,,,,
E65809,yes,Health information management,,,
E64456,yes,Health information management,,,
E64457,yes,Health information management,,,
E64079,yes,Hospital outpatient,,,
E62605,yes,Hospital outpatient,,,
E69700,no,,,,
E70453,yes,Health information management,,,
E70455,yes,Health information management,,,
E70450,no,,,,
E70473,no,,,,
E70487,no,,,,
E75509,yes,Health information management,,,
E76547,no,,,,
E204269,no,,,,
E207372,yes,Hospital inpatient,,,
E208219,yes,Health information management,,,
E208226,yes,Health information management,,,
E208230,yes,Health information management,,,
E208231,no,,,,
E208232,yes,Health information management,,,
E154181,yes,Health information management,,,
E209517,no,,,,
E211059,yes,Questions and answers,,,
E212800,yes,,,,
E214394,yes,Health information management,,,
E215155,yes,Hospital inpatient,,,
E215541,yes,Hospital inpatient,,,
E215903,yes,Clinical documentation,,,
E216387,no,,,,
E216861,yes,Physician queries,,,
E218072,yes,Health information management,,,
E218510,no,,,,
E218917,yes,Health information management,,,
E221868,no,,,,
E222246,yes,Physician queries,,,
E222983,no,,,,
E223597,yes,Clinical documentation,,,
E225013,yes,Health information management,,,
E225475,yes,Health information management,,,
E225631,no,,,,
E226764,yes,Health information management,,,
E226797,no,,,,
E227978,no,,,,
E228071,no,,,,
E228345,yes,Health information management,,,
E229463,yes,Physician queries,,,
E232151,yes,Health information management,,,
E233288,yes,Health information management,Hospital outpatient,,
E234176,yes,Physician practice,,,
E234933,yes,Clinical documentation,,,
E236187,yes,Hospital inpatient,,,
E237636,yes,Health information management,,,
E259156,no,,,,
E262928,yes,Questions and answers,,,
E265702,yes,Questions and answers,,,
E266324,yes,Health information management,,,
E268502,yes,Questions and answers,,,
E269062,yes,Physician practice,Auditing and monitoring,,
E269607,yes,Health information management,,,
E270084,no,,,,
E270580,yes,Health information management,,,
E271125,no,,,,
E273367,yes,Training,,,
E275197,no,,,,
E275775,yes,Training,,,
E276300,yes,Health information management,,,
E277964,yes,Training,,,
E279575,no,,,,
E279905,no,,,,
E280672,yes,Training,,,
E281193,yes,Training,,,
E281688,yes,Questions and answers,,,
E282673,yes,Training,,,
E283178,yes,Questions and answers,,,
E283635,yes,Health information management,,,
E284032,no,,,,
E284817,yes,Questions and answers,,,
E285500,yes,Questions and answers,,,
E286189,no,,,,
E287375,yes,Hospital outpatient,Training,,
E287632,yes,Training,Anatomy and terminology,,
E288774,yes,Health information management,,,
E289387,yes,Training,Anatomy and terminology,,
E290301,yes,Hospital outpatient,Questions and answers,,
E291212,yes,Questions and answers,,,
E294475,yes,Questions and answers,,,
E294713,yes,Physician queries,Questions and answers,,
E294941,yes,Health information management,,,
E295453,yes,Health information management,,,
E295674,yes,Physician queries,,,
E296415,yes,Questions and answers,,,
E297114,yes,Training,,,
E300882,yes,Training,,,
E301324,yes,Hospital outpatient,Questions and answers,,
E301393,yes,Health information management,Hospital inpatient,,
E301667,yes,Questions and answers,,,
E304444,yes,Questions and answers,Physician practice,Hospital outpatient,
E305088,yes,Hospital outpatient,Training,,
E305170,yes,Clinical documentation,,,
E305621,yes,Clinical documentation,,,
E306798,yes,Hospital outpatient,,,
E305878,yes,Hospital outpatient,Questions and answers,,
E303954,yes,Hospital outpatient,Questions and answers,,
E308466,yes,Training,,,
E309792,yes,Clinical documentation,,,
E310867,yes,Training,,,
E311114,yes,Health information management,,,
E311550,yes,Health information management,,,
E313333,yes,Questions and answers,,,
E317587,yes,Hospital inpatient,,,
E319010,yes,Training,,,
E319287,yes,Health information management,,,
E319814,yes,Health information management,,,
E320467,yes,Hospital inpatient,,,
E261798,yes,Physician practice,,,
E265123,yes,Physician practice,,,
E269941,yes,Anatomy and terminology,,,
E272206,yes,Physician practice,,,
E280120,yes,Clinical documentation,,,
E287721,yes,Anatomy and terminology,,,
E288497,yes,Anatomy and terminology,,,
E289149,yes,Anatomy and terminology,,,
E289775,yes,Anatomy and terminology,,,
E290919,yes,Anatomy and terminology,,,
E292139,yes,Anatomy and terminology,,,
E293613,yes,Anatomy and terminology,,,
E293966,yes,Anatomy and terminology,,,
E295145,yes,Anatomy and terminology,,,
E295860,yes,Anatomy and terminology,,,
E297581,yes,Anatomy and terminology,,,
E299354,yes,Anatomy and terminology,,,
E299889,yes,,,
E300472,yes,,,
E277259,yes,,,
E289769,yes,,,
E301559,yes,,,
E313827,yes,,,
E281772,yes,,,
E293741,yes,,,
E306003,yes,,,
E318308,yes,,,
E285800,yes,,,
E297818,yes,,,
E309813,yes,,,
E275434,yes,,,
E287914,yes,,,
E311708,yes,,,
E274237,yes,,,
E287108,yes,,,
E298774,yes,,,
E310818,yes,,,
E280717,yes,,,
E292644,yes,,,
E304901,yes,,,
E316952,yes,,,
E279815,yes,,,
E291614,yes,,,
E303974,yes,,,
E316015,yes,,,
E276423,yes,,,
E288795,yes,,,
E312686,yes,,,
E278366,yes,,,
E290608,yes,,,
E303367,yes,,,
E314971,yes,,,
E285025,yes,,,
E296826,yes,,,
E308749,yes,,,
E284228,yes,,,
E295757,yes,,,
E307881,yes,,,
E320424,yes,,,
E282774,yes,,,
E294589,yes,,,
E307118,yes,,,
E319293,yes,,,
E276419,yes,,,
E277808,yes,,,
E290245,yes,,,
E303206,yes,,,
E314495,yes,,,
E283096,yes,,,
E282088,yes,,,
E293994,yes,,,
E306381,yes,,,
E318858,yes,,,
E286485,yes,,,
E298404,yes,,,
E310398,yes,,,
E275763,yes,,,
E288299,yes,,,
E300469,yes,,,
E312372,yes,,,
E274767,yes,,,
E287513,yes,,,
E299411,yes,,,
E311806,yes,,,
E281004,yes,,,
E293392,yes,,,
E305671,yes,,,
E317808,yes,,,
E280021,yes,,,
E292154,yes,,,
E304652,yes,,,
E316747,yes,,,
E276988,yes,,,
E289385,yes,,,
E301278,yes,,,
E313409,yes,,,
E278844,yes,,,
E291136,yes,,,
E303655,yes,,,
E315555,yes,,,
E285475,yes,,,
E297336,yes,,,
E309357,yes,,,
E284263,yes,,,
E296223,yes,,,
E308606,yes,,,
E320770,yes,,,
E295175,yes,,,
E307511,yes,,,
E319925,yes,,,
E288115,yes,CPT,,
E297362,no,,,
E300631,yes,CPT,Physician practice,
E301117,yes,CPT,,
E313308,yes,CPT,,
E301118,yes,ICD-10-CM,Anatomy and terminology,
E288959,yes,CPT,Management,News
E281173,yes,Anatomy and terminology,,
E316720,yes,ICD-10-CM,,
E316687,yes,Hospital outpatient,,
E317305,no,,,
E318262,yes,Hospital outpatient,,
E295440,yes,ICD-10-CM,,
E307993,yes,CPT,Physician practice,Hospital outpatient
E302030,yes,ICD-10-CM,,
E293649,yes,Hospital outpatient,CPT,
E291203,yes,Management,,
E285490,yes,CDI,,
E290283,yes,CPT,Management,
E312341,yes,ICD-10-CM,ICD-10-PCS,Management
E296873,yes,Hospital outpatient,,
E293997,yes,ICD-10-CM,Management,
E311085,yes,CDI,,
E285499,no,,,
E275185,no,,,
E276793,no,,,
E275774,no,,,
E277952,no,,,
E281184,no,,,
E279572,no,,,
E277380,no,,,
E280654,no,,,
E284020,no,,,
E282670,no,,,
E283633,no,,,
E286884,no,,,
E283172,no,,,
E282152,no,,,
E281675,no,,,
E284614,no,,,
E287340,no,,,
E286462,no,,,
E285954,no,,,
E288130,no,,,
E288972,no,,,
E289821,no,,,
E288525,no,,,
E287746,no,,,
E289375,no,,,
E280144,no,,,
E279044,no,,,
E276287,no,,,
E306189,yes,ICD-10-CM,,
E312340,yes,ICD-10-CM,Anatomy and terminology,
E294927,yes,CPT,,
E296399,yes,ICD-10-CM,Anatomy and terminology,
E276269,yes,Anatomy and terminology,,
E289363,yes,CPT,Anatomy and terminology,
E298720,yes,ICD-10-CM,Anatomy and terminology,
E299740,yes,CPT,,
E315308,yes,CDI,,
E321629,yes,Hospital outpatient,,
E310708,yes,ICD-10-CM,,
E311513,no,,,
E279559,yes,Hospital outpatient,,
E295869,yes,ICD-10-CM,,
E282138,yes,Hospital outpatient,,
E292171,yes,ICD-10-CM,ICD-10-PCS,
E279025,yes,Management,,
E283162,yes,Management,,
E299114,yes,Hospital outpatient,,
E319256,yes,Hospital outpatient,News,
E313310,yes,Hospital outpatient,News,
E312799,yes,Hospital outpatient,News,
E277372,yes,Hospital outpatient,News,
E290284,yes,Hospital outpatient,News,
E303920,yes,Hospital outpatient,News,
E294465,yes,Hospital outpatient,News,
E290733,yes,Hospital outpatient,News,
E291679,yes,Hospital outpatient,News,
E300633,yes,Hospital outpatient,News,
E288960,yes,Hospital outpatient,News,
E311871,yes,Hospital outpatient,News,
E275171,yes,Hospital outpatient,News,
E306651,yes,Hospital outpatient,News,
E287738,yes,Hospital outpatient,News,
E284010,yes,Hospital outpatient,News,
E296398,yes,Hospital outpatient,News,
E293650,yes,Hospital outpatient,News,
E319792,yes,Hospital outpatient,News,
E295438,yes,Hospital outpatient,News,
E304948,yes,Hospital outpatient,News,
E307994,yes,Hospital outpatient,News,
E315809,yes,Hospital outpatient,News,
E299741,yes,Hospital outpatient,News,
E302032,yes,Hospital outpatient,News,
E285496,no,,,
E275180,no,,,
E276789,no,,,
E275771,no,,,
E277377,no,,,
E277949,no,,,
E281181,no,,,
E279569,no,,,
E280651,no,,,
E284015,no,,,
E282667,no,,,
E281672,no,,,
E283630,no,,,
E283169,no,,,
E282149,no,,,
E287337,no,,,
E284611,no,,,
E286459,no,,,
E286879,no,,,
E276283,no,,,
E285951,no,,,
E288126,no,,,
E288522,no,,,
E288969,no,,,
E289817,no,,,
E287743,no,,,
E289372,no,,,
E292176,no,,,
E290291,no,,,
E280140,no,,,
E290738,no,,,
E279040,no,,,
E291208,no,,,
E291686,no,,,
E312797,yes,Hospital outpatient,,
E294467,yes,Hospital outpatient,,
E314407,yes,ICD-10-CM,,
E304421,yes,ICD-10-CM,,
E283623,yes,Hospital outpatient,,
E312339,yes,Anatomy and terminology,,
E300149,yes,ICD-10-CM,,
E315808,yes,CPT,Anatomy and terminology,
E316289,yes,CPT,,
E283624,yes,Management,,
E308439,yes,ICD-10-CM,,
E288503,yes,ICD-10-CM,,
E308435,yes,ICD-10-CM,,
E285946,yes,Hospital outpatient,Physician practice,
E286867,yes,ICD-10-CM,,
E299113,yes,CPT,,
E288506,yes,ICD-10-CM,,
E281175,yes,CPT,,
E318260,yes,ICD-10-CM,,
E289358,no,,,
E289809,no,,,
E290280,no,,,
E290730,no,,,
E291200,no,,,
E275162,no,,,
E277369,no,,,
E275755,no,,,
E276266,no,,,
E277941,no,,,
E280638,no,,,
E279553,no,,,
E281172,no,,,
E282658,no,,,
E283161,no,,,
E282137,no,,,
E283621,no,,,
E284007,no,,,
E284600,no,,,
E281659,no,,,
E287329,no,,,
E286451,no,,,
E286865,no,,,
E288502,no,,,
E280124,no,,,
E285938,no,,,
E288112,no,,,
E287735,no,,,
E298265,no,,,
E288956,no,,,
E285488,no,,,
E291675,no,,,
E292168,no,,,
E279023,no,,,
E293647,no,,,
E294925,no,,,
E295437,no,,,
E294463,no,,,
E293996,no,,,
E297320,no,,,
E295867,no,,,
E299112,no,,,
E296872,no,,,
E300148,no,,,
E300630,no,,,
E299739,no,,,
E298718,no,,,
E299514,no,,,
E293127,no,,,
E276777,no,,,
E296396,no,,,
E279028,yes,CPT,Hospital inpatient,
E307556,yes,CPT,,
E318761,yes,Physician practice,CPT,
E305843,yes,CPT,,
E294928,yes,Hospital outpatient,,
E287736,yes,CPT,,
E288113,yes,CPT,,
E287737,yes,CPT,,
E275166,yes,CPT,,
E315309,yes,CPT,,
E287330,yes,CPT,,
E276267,yes,CPT,,
E280129,yes,CDI,,
E282662,yes,ICD-10-CM,ICD-10-PCS,
E317814,yes,CDI,,
E276781,yes,Hospital outpatient,Hospital inpatient,
E289364,yes,Hospital outpatient,,
E309770,yes,Hospital outpatient,,
E290282,yes,Hospital outpatient,Physician practice,
E282139,yes,Hospital outpatient,,
E283163,yes,Hospital outpatient,,
E283627,yes,Hospital outpatient,,
E299515,yes,CPT,,
E307087,yes,Hospital outpatient,ICD-10-PCS,
E299742,yes,Hospital outpatient,CPT,
E308911,yes,CPT,,
E310706,yes,ICD-10-CM,,
E316685,yes,ICD-10-CM,,
E294926,yes,Hospital outpatient,,
E289810,yes,ICD-10-CM,,
E321141,yes,Hospital outpatient,CPT,
E301644,yes,Anatomy and terminology,ICD-10-CM,
E290281,no,,,
E301115,no,,,
E297349,no,,,
E317825,no,,,
E291198,no,,,
E288509,yes,Management,ICD-10-CM,
E279555,yes,CPT,Anatomy and terminology,
E307568,yes,CDI,ICD-10-CM,
E285945,yes,CPT,,
E304423,yes,CPT,ICD-10-PCS,
E316686,yes,CDI,CPT,
E275167,yes,CPT,,
E313922,yes,CPT,,
E308910,yes,CPT,Anatomy and terminology,
E280133,yes,ICD-10-CM,,
E295876,no,,,
E292179,no,,,
E306196,no,,,
E276285,no,,,
E309777,no,,,
E301652,no,,,
E285498,no,,,
E275183,no,,,
E276792,no,,,
E275773,no,,,
E277951,no,,,
E281183,no,,,
E279571,no,,,
E277379,no,,,
E290740,no,,,
E284018,no,,,
E282669,no,,,
E283632,no,,,
E286883,no,,,
E283171,no,,,
E282151,no,,,
E281674,no,,,
E284613,no,,,
E287339,no,,,
E286461,no,,,
E285953,no,,,
E288129,no,,,
E288524,no,,,
E288971,no,,,
E289819,no,,,
E287745,no,,,
E289374,no,,,
E290293,no,,,
E293659,no,,,
E294934,no,,,
E294473,no,,,
E295451,no,,,
E280142,no,,,
E294005,no,,,
E297329,no,,,
E308918,no,,,
E307576,no,,,
E298276,no,,,
E299124,no,,,
E300642,no,,,
E299749,no,,,
E279043,no,,,
E300157,no,,,
E298728,no,,,
E301125,no,,,
E302895,no,,,
E299525,no,,,
E303926,no,,,
E304429,no,,,
E302038,no,,,
E304954,no,,,
E312805,no,,,
E305404,no,,,
E291210,no,,,
E307093,no,,,
E306657,no,,,
E308448,no,,,
E293142,no,,,
E305860,no,,,
E313316,no,,,
E310714,no,,,
E310201,no,,,
E311522,no,,,
E311877,no,,,
E313929,no,,,
E308002,no,,,
E312347,no,,,
E316300,no,,,
E315815,no,,,
E315315,no,,,
E317311,no,,,
E291688,no,,,
E316692,no,,,
E318268,no,,,
E311095,no,,,
E317821,no,,,
E296883,no,,,
E280653,no,,,
E296405,no,,,
E319798,no,,,
E319262,no,,,
E320682,no,,,
E318768,no,,,
E321604,no,,,
E322094,no,,,
E321147,no,,,
E313921,yes,Hospital outpatient,CPT,
E292169,yes,ICD-10-CM,,
E276779,yes,CPT,,
E311869,yes,CPT,,
E280640,yes,CPT,,
E309769,yes,Hospital outpatient,CPT,
E310193,yes,Hospital outpatient,Physician practice,
E302031,yes,Hospital outpatient,Physician practice,
E291695,yes,Hospital outpatient,,
E297318,no,,,
E296868,no,,,
E288121,yes,News,,
E283165,yes,News,,
E291682,yes,News,,
E282663,yes,News,,
E318263,yes,News,,
E299743,yes,News,,
E280135,yes,News,,
E310709,yes,News,,
E288511,yes,News,,
E320678,yes,News,,
E317306,yes,News,,
E311088,yes,News,,
E302033,yes,News,,
E304949,yes,News,,
E296400,yes,News,,
E321598,yes,News,,
E294468,yes,News,,
E322090,yes,News,,
E318763,yes,News,,
E306652,yes,News,,
E321142,yes,News,,
E315310,yes,News,,
E316292,yes,News,,
E288962,yes,News,,
E291204,yes,News,,
E295446,yes,News,,
E275174,yes,News,,
E276276,yes,News,,
E281176,yes,News,,
E284011,yes,News,,
E289367,yes,News,,
E307995,yes,News,,
E281663,yes,News,,
E319258,yes,News,,
E311872,yes,News,,
E301647,yes,News,,
E298271,yes,News,,
E294929,yes,News,,
E279031,yes,News,,
E300634,yes,News,,
E304424,yes,News,,
E279562,yes,News,,
E293133,yes,News,,
E285492,yes,News,,
E290286,yes,News,,
E305398,yes,News,,
E292172,yes,News,,
E314409,yes,News,,
E305852,yes,News,,
E285947,yes,News,,
E286873,yes,News,,
E287739,yes,News,,
E319794,yes,News,,
E286455,yes,News,,
E282142,yes,News,,
E306191,yes,News,,
E283626,yes,News,,
E298723,yes,News,,
E307571,yes,News,,
E287333,yes,News,,
E311514,yes,News,,
E290734,yes,News,,
E277945,yes,News,,
E310196,yes,News,,
E280644,yes,News,,
E299117,yes,News,,
E289813,yes,News,,
E308443,yes,News,,
E295871,yes,News,,
E302890,yes,News,,
E316688,yes,News,,
E313924,yes,News,,
E276784,yes,News,,
E307088,yes,News,,
E300152,yes,News,,
E297324,yes,News,,
E284604,yes,News,,
E294000,yes,News,,
E309772,yes,News,,
E303921,yes,News,,
E296878,yes,News,,
E317816,yes,News,,
E277373,yes,News,,
E293652,yes,News,,
E275767,yes,News,,
E312342,yes,News,,
E301120,yes,News,,
E312800,yes,News,,
E315810,yes,News,,
E313311,yes,News,,
E308913,yes,News,,
E299520,yes,News,,
E304957,no,,,
E305396,yes,Hospital outpatient,,
E288120,yes,Hospital outpatient,,
E310195,yes,News,,
E311511,yes,Management,,
E284008,yes,Hospital outpatient,CPT,
E300150,yes,Management,,
E280131,yes,Anatomy and terminology,,
E306190,yes,Anatomy and terminology,,
E305848,yes,Anatomy and terminology,,
E286871,yes,Anatomy and terminology,,
E281662,yes,Anatomy and terminology,,
E301646,yes,Anatomy and terminology,,
E284622,no,,,
E297317,no,,,
E303918,yes,CDI,,
E304422,no,,,
E317815,yes,Management,ICD-10-CM,
E298268,yes,ICD-10-CM,,
E286869,yes,Management,CDI,
E293645,no,,,
E295877,no,,,
E306197,no,,,
E309778,no,,,
E301653,no,,,
E290743,no,,,
E290294,no,,,
E293660,no,,,
E292180,no,,,
E294935,no,,,
E294474,no,,,
E295452,no,,,
E294006,no,,,
E297330,no,,,
E308919,no,,,
E298277,no,,,
E300644,no,,,
E299750,no,,,
E300158,no,,,
E299125,no,,,
E301126,no,,,
E302896,no,,,
E307577,no,,,
E298729,no,,,
E299526,no,,,
E303927,no,,,
E304430,no,,,
E302039,no,,,
E304956,no,,,
E305405,no,,,
E291211,no,,,
E306658,no,,,
E307094,no,,,
E308449,no,,,
E293143,no,,,
E305861,no,,,
E310715,no,,,
E310202,no,,,
E311524,no,,,
E311878,no,,,
E313930,no,,,
E308003,no,,,
E313317,no,,,
E312348,no,,,
E316301,no,,,
E315316,no,,,
E317312,no,,,
E315816,no,,,
E314413,no,,,
E291689,no,,,
E316693,no,,,
E318269,no,,,
E311096,no,,,
E317822,no,,,
E318769,no,,,
E321148,no,,,
E312806,no,,,
E319799,no,,,
E319263,no,,,
E296885,no,,,
E296406,no,,,
E306650,yes,Anatomy and terminology,,
E307569,yes,Anatomy and terminology,,
E307086,yes,Anatomy and terminology,,
E302889,yes,Anatomy and terminology,,
E309771,yes,Anatomy and terminology,,
E314408,yes,ICD-10-CM,,
E317303,yes,ICD-10-CM,,
E304946,yes,ICD-10-CM,,
E277944,yes,ICD-10-CM,,
E284602,yes,ICD-10-CM,,
E319791,yes,ICD-10-CM,,
E293999,yes,ICD-10-CM,,
E275766,yes,ICD-10-PCS,,
E295870,yes,ICD-10-CM,ICD-10-PCS,
E293131,yes,ICD-10-CM,CDI,
E282660,yes,ICD-10-CM,,
E306188,yes,ICD-10-CM,,
E305850,yes,CPT,,
E319787,yes,ICD-10-CM,CDI,
E320677,yes,ICD-10-CM,,
E281174,yes,Hospital outpatient,,
E303919,yes,Hospital outpatient,,
E298295,no,,,
E307992,yes,ICD-10-CM,Hospital outpatient,CDI
E292170,yes,ICD-10-CM,,
E316288,yes,ICD-10-CM,,
E283164,yes,Hospital outpatient,,
E306187,no,,,
E305862,no,,,
E276775,no,,,
E276264,no,,,
E321597,yes,Hospital outpatient,,
E279560,yes,Anatomy and terminology,,
E281661,yes,Hospital outpatient,CDI,
E279024,yes,CPT,Hospital outpatient,
E321139,yes,ICD-10-CM,,
E317823,no,,,
E291201,no,Hospital outpatient,CDI,
E319253,yes,ICD-10-CM,Hospital outpatient,
E308912,yes,News,,
E296397,yes,Hospital outpatient,CPT,
E321592,yes,ICD-10-CM,,
E307085,yes,ICD-10-CM,,
E312798,yes,CPT,,
E282150,no,,,
E290292,no,,,
E309776,no,,,
E296882,no,,,
E301651,no,,,
E285497,no,,,
E280652,no,,,
E318267,no,,,
E275181,no,,,
E290739,no,,,
E276791,no,,,
E275772,no,,,
E277378,no,,,
E308001,no,,,
E277950,no,,,
E281182,no,,,
E279570,no,,,
E282668,no,,,
E281673,no,,,
E283631,no,,,
E283170,no,,,
E287338,no,,,
E284612,no,,,
E286460,no,,,
E286881,no,,,
E285952,no,,,
E288128,no,,,
E288523,no,,,
E276284,no,,,
E288970,no,,,
E292178,no,,,
E289818,no,,,
E287744,no,,,
E289373,no,,,
E307575,no,,,
E293658,no,,,
E294933,no,,,
E294472,no,,,
E295450,no,,,
E280141,no,,,
E294004,no,,,
E297328,no,,,
E308917,no,,,
E298275,no,,,
E312804,no,,,
E296404,no,,,
E295875,no,,,
E299123,no,,,
E300641,no,,,
E299748,no,,,
E279042,no,,,
E300156,no,,,
E301124,no,,,
E298727,no,,,
E302894,no,,,
E299524,no,,,
E303925,no,,,
E304428,no,,,
E302037,no,,,
E304953,no,,,
E305403,no,,,
E291209,no,,,
E307092,no,,,
E306656,no,,,
E293141,no,,,
E308447,no,,,
E306195,no,,,
E305859,no,,,
E310713,no,,,
E313315,no,,,
E310200,no,,,
E311520,no,,,
E311876,no,,,
E312346,no,,,
E313928,no,,,
E316298,no,,,
E315814,no,,,
E315314,no,,,
E317310,no,,,
E314412,no,,,
E291687,no,,,
E316691,no,,,
E311094,no,,,
E317820,no,,,
E284016,no,,,
E319797,no,,,
E319261,no,,,
E321602,no,,,
E318767,no,,,
E313923,yes,CPT,,
E297321,yes,CPT,,
E291671,no,,,
E292166,no,,,
E291202,yes,CPT,,
E275160,no,,,
E275753,no,,,
E277368,no,,,
E307555,no,,,
E301641,no,,,
E276776,no,,,
E313307,no,,,
E276265,no,,,
E277940,no,,,
E280637,no,,,
E279552,no,,,
E281171,no,,,
E282657,no,,,
E307997,no,,,
E307998,no,,,
E283160,no,,,
E284599,no,,,
E283620,no,,,
E282136,no,,,
E284006,no,,,
E281658,no,,,
E287328,no,,,
E286448,no,,,
E287734,no,,,
E288111,no,,,
E286862,no,,,
E288501,no,,,
E280122,no,,,
E285936,no,,,
E298264,no,,,
E288954,no,,,
E289357,no,,,
E289808,no,,,
E285487,no,,,
E290278,no,,,
E291674,no,,,
E293646,no,,,
E292167,no,,,
E294924,no,,,
E295436,no,,,
E294462,no,,,
E290729,no,,,
E293995,no,,,
E297319,no,,,
E295866,no,,,
E296395,no,,,
E299111,no,,,
E296869,no,,,
E300145,no,,,
E300629,no,,,
E299738,no,,,
E301116,no,,,
E298717,no,,,
E302886,no,,,
E299513,no,,,
E302029,no,,,
E303917,no,,,
E304420,no,,,
E304945,no,,,
E305389,no,,,
E291199,no,,,
E293126,no,,,
E307084,no,,,
E306186,no,,,
E306648,no,,,
E308434,no,,,
E308909,no,,,
E309768,no,,,
E312338,no,,,
E311510,no,,,
E311868,no,,,
E310192,no,,,
E305842,no,,,
E310705,no,,,
E313920,no,,,
E312796,no,,,
E315801,no,,,
E316287,no,,,
E317302,no,,,
E314405,no,,,
E315306,no,,,
E318259,no,,,
E316684,no,,,
E317812,no,,,
E322086,no,,,
E318759,no,,,
E311083,no,,,
E321591,no,,,
E321137,no,,,
E320674,no,,,
E319786,no,,,
E319252,no,,,
E279022,no,,,
E308920,no,,,
E320675,no,,,
E280641,no,,,
E276274,no,,,
E284009,no,,,
E295868,no,,,
E310194,no,,,
E286454,no,,,
E277942,no,,,
E276778,no,,,
E318762,no,,,
E298270,no,,,
E286453,no,,,
E322087,no,,,
E282661,no,,,
E298719,no,,,
E310707,no,,,
E276281,no,,,
E275177,no,,,
E292174,no,,,
E296880,no,,,
E291206,no,,,
E298273,no,,,
E288965,no,,,
E286457,no,,,
E282147,no,,,
E298725,no,,,
E302892,no,,,
E294931,no,,,
E286876,no,,,
E289815,no,,,
E294470,no,,,
E316295,no,,,
E312802,no,,,
E313313,no,,,
E282665,no,,,
E308445,no,,,
E322092,no,,,
E300638,no,,,
E301122,no,,,
E300154,no,,,
E309774,no,,,
E283628,no,,,
E295873,no,,,
E301649,no,,,
E302035,no,,,
E306193,no,,,
E305856,no,,,
E284609,no,,,
E280138,no,,,
E310711,no,,,
E293656,no,,,
E294002,no,,,
E293139,no,,,
E307090,no,,,
E306654,no,,,
E280649,no,,,
E311874,no,,,
E291684,no,,,
E287335,no,,,
E288124,no,,,
E287741,no,,,
E288520,no,,,
E311517,no,,,
E312344,no,,,
E311092,no,,,
E281665,no,,,
E310198,no,,,
E275769,no,,,
E308915,no,,,
E315812,no,,,
E317308,no,,,
E279567,no,,,
E279036,no,,,
E304426,no,,,
E304951,no,,,
E305401,no,,,
E295448,no,,,
E283167,no,,,
E284013,no,,,
E303923,no,,,
E297326,no,,,
E290736,no,,,
E290289,no,,,
E281178,no,,,
E277947,no,,,
E276787,no,,,
E277375,no,,,
E289370,no,,,
E285949,no,,,
E285494,no,,,
E296402,no,,,
E299522,no,,,
E299121,no,,,
E299746,no,,,
E315312,no,,,
E317818,no,,,
E320680,no,,,
E318765,no,,,
E318265,no,,,
E307999,no,,,
E307573,no,,,
E321600,no,,,
E318261,no,,,
E311086,no,,,
E307572,yes,Ask the expert,Hospital outpatient,
E311091,yes,Ask the expert,Hospital outpatient,
E314410,yes,Ask the expert,Hospital outpatient,ICD-10-CM
E284012,yes,Ask the expert,Hospital outpatient,
E290288,yes,Ask the expert,Hospital outpatient,
E303922,yes,Ask the expert,Hospital outpatient,
E302891,yes,Ask the expert,Hospital outpatient,
E315311,yes,Ask the expert,Hospital outpatient,
E282145,yes,Ask the expert,Hospital outpatient,
E292173,yes,Ask the expert,Hospital outpatient,ICD-10-CM
E294930,yes,Ask the expert,Hospital outpatient,
E281664,yes,Ask the expert,Hospital outpatient,
E286874,yes,Ask the expert,Hospital outpatient,ICD-10-CM
E295872,yes,Ask the expert,Hospital outpatient,ICD-10-CM
E283166,yes,Ask the expert,Hospital outpatient,
E281177,yes,Ask the expert,Hospital outpatient,
E294469,yes,Ask the expert,Hospital outpatient,
E298272,yes,Ask the expert,Hospital outpatient,
E297325,yes,Ask the expert,Hospital outpatient,
E300153,yes,Ask the expert,Hospital outpatient,
E279035,yes,Ask the expert,Hospital outpatient,
E322091,yes,Ask the expert,Hospital outpatient,
E307089,yes,Ask the expert,Hospital outpatient,
E288519,yes,Ask the expert,Hospital outpatient,ICD-10-CM
E299744,yes,Ask the expert,Hospital outpatient,
E305400,yes,Ask the expert,Hospital outpatient,
E317307,yes,Ask the expert,Hospital outpatient,
E279565,yes,Ask the expert,Hospital outpatient,
E299119,yes,Ask the expert,Hospital outpatient,CPT
E316293,yes,Ask the expert,Hospital outpatient,ICD-10-CM
E280137,yes,Ask the expert,Hospital outpatient,ICD-10-CM
E319795,yes,Ask the expert,Hospital outpatient,
E318264,yes,Ask the expert,Hospital outpatient,
E309773,yes,Ask the expert,Hospital outpatient,
E310197,yes,Ask the expert,Hospital outpatient,
E276786,yes,Ask the expert,Hospital outpatient,
E318764,yes,Ask the expert,Hospital outpatient,
E306653,yes,Ask the expert,Hospital outpatient,ICD-10-PCS
E306192,yes,Ask the expert,Hospital outpatient,
E302034,yes,Ask the expert,Hospital outpatient,
E276278,yes,Ask the expert,Hospital outpatient,
E311873,yes,Ask the expert,Hospital outpatient,CPT
E321599,yes,Ask the expert,Hospital outpatient,
E310710,yes,Ask the expert,Hospital outpatient,ICD-10-CM
E294001,yes,Ask the expert,Hospital outpatient,
E282664,yes,Ask the expert,Hospital outpatient,ICD-10-CM
E275768,yes,Ask the expert,Hospital outpatient,ICD-10-CM
E284606,yes,Ask the expert,Hospital outpatient,ICD-10-CM
E290735,yes,Ask the expert,Hospital outpatient,
E291205,yes,Ask the expert,Hospital outpatient,
E301648,yes,Ask the expert,Hospital outpatient,
E298724,yes,Ask the expert,Hospital outpatient,
E295447,yes,Ask the expert,Hospital outpatient,
E277946,yes,Ask the expert,ICD-10-PCS,ICD-10-CM
E296879,yes,Ask the expert,Hospital outpatient,
E299521,yes,Ask the expert,Hospital outpatient,
E291683,yes,Ask the expert,Hospital outpatient,
E315811,yes,Ask the expert,Hospital outpatient,
E288123,yes,Ask the expert,Hospital outpatient,
E304425,yes,Ask the expert,Hospital outpatient,
E311516,yes,Ask the expert,Hospital outpatient,
E308914,yes,Ask the expert,Hospital outpatient,
E300636,yes,Ask the expert,Hospital outpatient,
E307996,yes,Ask the expert,Hospital outpatient,
E312801,yes,Ask the expert,Hospital outpatient,
E277374,yes,Ask the expert,Hospital outpatient,
E319259,yes,Ask the expert,Hospital outpatient,
E316689,yes,Ask the expert,Hospital outpatient,CPT
E317817,yes,Ask the expert,Hospital outpatient,
E320679,yes,Ask the expert,Hospital outpatient,
E285948,yes,Ask the expert,Hospital outpatient,
E280646,yes,Ask the expert,Hospital outpatient,
E304950,yes,Ask the expert,Hospital outpatient,
E308444,yes,Ask the expert,Hospital outpatient,ICD-10-CM
E321144,yes,Ask the expert,Hospital outpatient,
E285493,yes,Ask the expert,Hospital outpatient,
E275175,yes,Ask the expert,Hospital outpatient,CPT
E301121,yes,Ask the expert,Hospital outpatient,
E296401,yes,Ask the expert,Hospital outpatient,
E312343,yes,Ask the expert,Hospital outpatient,
E313312,yes,Ask the expert,Hospital outpatient,
E305854,yes,Ask the expert,Hospital outpatient,
E313926,yes,Ask the expert,Hospital outpatient,
E287334,yes,Ask the expert,Hospital outpatient,
E293654,yes,Ask the expert,Hospital outpatient,
E286456,yes,Ask the expert,Hospital outpatient,
E289814,yes,Ask the expert,Hospital outpatient,ICD-10-CM
E293135,yes,Ask the expert,Hospital outpatient,
E289369,yes,Ask the expert,Hospital outpatient,
E287740,yes,Ask the expert,Hospital outpatient,
E288964,yes,Ask the expert,Hospital outpatient,
E287332,yes,Physician practice,CPT,
E322089,yes,Anatomy and terminology,,
E321594,yes,ICD-10-CM,CPT,
E300151,yes,ICD-10-CM,,
E299519,yes,ICD-10-CM,,
E297322,yes,Hospital outpatient,,
E317304,yes,ICD-10-CM,,
E304947,yes,CPT,,
E300632,yes,ICD-10-CM,,
E319255,yes,ICD-10-CM,,
E320676,yes,ICD-10-CM,,
E317813,yes,ICD-10-CM,,
E315307,yes,CPT,,
E315807,yes,ICD-10-CM,Physician practice,
E318760,yes,ICD-10-CM,,
E311084,yes,ICD-10-CM,,
E305390,yes,ICD-10-CM,,
E322088,yes,ICD-10-CM,,
E314406,yes,ICD-10-CM,,
E290731,yes,CPT,CDI,
E301643,yes,ICD-10-CM,,
E293128,yes,CPT,,
E297323,yes,Hospital outpatient,News,
E288957,yes,CPT,,
E282141,yes,ICD-10-CM,,
E283625,yes,CPT,,
E306649,yes,ICD-10-CM,,
E309779,no,,,
E296877,yes,CPT,,
E293130,yes,Hospital outpatient,Physician practice,
E316290,yes,ICD-10-CM,,
E298266,yes,CPT,,
E308437,yes,ICD-10-CM,News,
E285491,yes,Hospital outpatient,,
E311512,yes,ICD-10-CM,,
E310203,no,,,
E275756,yes,ICD-10-CM,,
E315817,no,,,
E291678,yes,Anatomy and terminology,CPT,
E299116,yes,CDI,Management,
E280642,yes,Management,,
E285942,yes,Management,,
E277370,yes,CPT,,
E284601,yes,Management,,
E275764,yes,ICD-10-CM,ICD-10-PCS,
E299517,yes,CPT,,
E311870,yes,ICD-10-CM,,
E298722,yes,ICD-10-CM,,
E301650,no,,,
E308000,no,,,
E307574,no,,,
E308916,no,,,
E299122,no,,,
E299747,no,,,
E300155,no,,,
E301123,no,,,
E302893,no,,,
E303924,no,,,
E304427,no,,,
E302036,no,,,
E304952,no,,,
E305402,no,,,
E306655,no,,,
E308446,no,,,
E306194,no,,,
E305857,no,,,
E310712,no,,,
E313314,no,,,
E310199,no,,,
E311518,no,,,
E311875,no,,,
E312345,no,,,
E316296,no,,,
E315813,no,,,
E315313,no,,,
E314411,no,,,
E316690,no,,,
E312803,no,,,
E317819,no,,,
E311093,no,,,
E318266,no,,,
E309775,no,,,
E284610,no,,,
E286878,no,,,
E285950,no,,,
E288521,no,,,
E287742,no,,,
E289371,no,,,
E292175,no,,,
E290290,no,,,
E293657,no,,,
E294471,no,,,
E295449,no,,,
E297327,no,,,
E296403,no,,,
E299523,no,,,
E275178,no,,,
E277376,no,,,
E281180,no,,,
E283168,no,,,
E284014,no,,,
E282148,no,,,
E287336,no,,,
E286458,no,,,
E276282,no,,,
E288125,no,,,
E288968,no,,,
E289816,no,,,
E294932,no,,,
E296881,no,,,
E280139,no,,,
E294003,no,,,
E290737,no,,,
E298274,no,,,
E295874,no,,,
E279038,no,,,
E285495,no,,,
E291207,no,,,
E293140,no,,,
E291685,no,,,
E276788,no,,,
E275770,no,,,
E277948,no,,,
E279568,no,,,
E280650,no,,,
E282666,no,,,
E281671,no,,,
E283629,no,,,
E300640,no,,,
E298726,no,,,
E307091,no,,,
E313927,no,,,
E318766,no,,,
E321601,no,,,
E322093,no,,,
E319260,no,,,
E321146,no,,,
E320681,no,,,
E319796,no,,,
E291677,yes,Anatomy and terminology,ICD-10-CM,
E305393,yes,CPT,,
E321138,yes,ICD-10-CM,,
E293998,yes,ICD-10-CM,,
E289812,yes,ICD-10-CM,,
E301119,yes,Hospital outpatient,,
E289366,yes,Hospital outpatient,Hospital inpatient,
E281660,yes,Hospital outpatient,,
E302888,yes,ICD-10-CM,,
E286452,yes,CPT,,
E293648,yes,CPT,,
E277371,yes,Management,,
E290732,yes,Hospital outpatient,CPT,
E285489,yes,Hospital outpatient,,
E287331,yes,CPT,,
E294466,yes,CPT,,
E295439,yes,CPT,,
E313309,yes,CPT,,
E277943,yes,ICD-10-CM,,
E302887,yes,CPT,,
E317309,yes,ICD-10-CM,,
E284603,yes,ICD-10-CM,,
E289811,yes,ICD-10-CM,,
E296875,yes,Management,,
W2547,yes,CDI,,
W1597,yes,ICD-10-CM,ICD-10-PCS,
W454,yes,News,,
W4605,yes,News,,
W2055,yes,ICD-10-CM,Management,
W4361,yes,ICD-10-CM,,
W1451,yes,Anatomy and terminology,,
W3251,yes,ICD-10-CM,,
W3287,yes,ICD-10-CM,,
W3725,yes,ICD-10-CM,,
W1034,yes,ICD-10-CM,ICD-10-PCS,
W894,yes,ICD-10-CM,,
W350,yes,ICD-10-CM,Management,
W537,yes,ICD-10-CM,,
W1904,yes,ICD-10-CM,,
W4219,yes,ICD-10-CM,,
W3986,yes,ICD-10-CM,,
W4073,yes,ICD-10-CM,,
W3491,yes,ICD-10-CM,,
W4382,yes,ICD-10-CM,,
W4276,yes,ICD-10-CM,,
W1616,yes,ICD-10-CM,,
W1471,yes,ICD-10-CM,,
W3259,yes,ICD-10-CM,,
W3640,yes,ICD-10-CM,,
W3628,yes,ICD-10-CM,,
W4436,yes,ICD-10-CM,,
W3932,yes,ICD-10-CM,,
W1076,yes,ICD-10-CM,,
W4194,yes,ICD-10-CM,Physician practice,
W2601,yes,ICD-10-CM,,
W2766,yes,ICD-10-CM,,
W1191,yes,ICD-10-CM,,
W522,no,ICD-10-CM,,
W553,yes,ICD-10-CM,,
W213,yes,ICD-10-CM,,
W293,no,ICD-10-CM,,
W143,yes,ICD-10-CM,,
W1163,yes,ICD-10-CM,News,
W4052,yes,ICD-10-CM,,
W2286,yes,ICD-10-CM,,
W2489,yes,ICD-10-CM,,
W1431,yes,ICD-10-CM,,
W759,yes,ICD-10-CM,,
W1501,yes,ICD-10-CM,,
W3900,yes,ICD-10-CM,,
W3905,yes,ICD-10-CM,,
W989,yes,ICD-10-CM,,
W544,yes,ICD-10-CM,,
W2101,yes,ICD-10-CM,,
W650,yes,ICD-10-CM,,
W1784,yes,ICD-10-CM,,
W149,yes,ICD-10-CM,,
W2835,yes,ICD-10-CM,,
W2607,yes,ICD-10-CM,,
W4497,yes,ICD-10-CM,,
W170,yes,ICD-10-CM,,
W4610,yes,ICD-10-CM,,
W3448,yes,ICD-10-CM,,
W3689,yes,ICD-10-CM,,
W3157,yes,ICD-10-CM,,
W3789,yes,ICD-10-CM,,
W4495,yes,ICD-10-CM,News,
W2519,yes,ICD-10-CM,,
W3982,yes,ICD-10-CM,Anatomy and terminology,
W1028,yes,ICD-10-CM,,
W3393,yes,ICD-10-CM,,
W4563,yes,ICD-10-CM,News,
W4449,yes,ICD-10-CM,,
W3228,yes,ICD-10-CM,ICD-10-PCS,
W2901,yes,ICD-10-CM,,
W4398,yes,ICD-10-CM,,
W4432,yes,ICD-10-CM,,
W4050,yes,ICD-10-CM,ICD-10-PCS,
W3017,yes,ICD-10-CM,,
W1358,yes,ICD-10-CM,,
W4158,yes,ICD-10-CM,,
W124,yes,ICD-10-CM,CDI,
W1127,yes,ICD-10-CM,,
W3992,yes,ICD-10-CM,,
W3565,yes,ICD-10-CM,,
W4037,yes,ICD-10-CM,,
W2826,yes,ICD-10-CM,,
W3970,yes,ICD-10-CM,,
W3924,yes,ICD-10-CM,,
W2839,yes,ICD-10-CM,,
W3888,yes,ICD-10-CM,,
W2697,yes,ICD-10-CM,,
W3671,yes,ICD-10-CM,,
W4591,yes,ICD-10-CM,,
W3342,yes,ICD-10-CM,,
W784,yes,ICD-10-CM,,
W1869,yes,ICD-10-CM,,
W3168,yes,ICD-10-CM,,
W2804,yes,ICD-10-CM,,
W3839,yes,ICD-10-CM,,
W2516,yes,ICD-10-CM,,
W2781,yes,ICD-10-CM,,
W2701,yes,ICD-10-CM,,
W3547,yes,ICD-10-CM,,
W2675,yes,ICD-10-CM,,
W4401,yes,ICD-10-CM,,
W3750,yes,ICD-10-CM,,
W1462,yes,ICD-10-CM,,
W3151,yes,ICD-10-CM,,
W4184,yes,ICD-10-CM,,
W4571,yes,ICD-10-CM,,
W2646,yes,ICD-10-CM,,
W3556,yes,ICD-10-CM,,
W4098,yes,ICD-10-CM,,
W3319,yes,ICD-10-CM,,
W2231,yes,ICD-10-CM,,
W4086,yes,ICD-10-CM,,
W2969,yes,ICD-10-CM,ICD-10-PCS,
W3404,yes,ICD-10-CM,,
W4271,yes,ICD-10-CM,,
W2941,yes,ICD-10-CM,,
W3815,yes,ICD-10-CM,,
W1759,yes,ICD-10-CM,ICD-10-PCS,
W3442,yes,ICD-10-CM,,
W270,no,,,
W528,no,,,
W1811,yes,ICD-10-CM,,
W4308,yes,ICD-10-CM,,
W1734,yes,ICD-10-PCS,,
W767,yes,ICD-10-PCS,,
W710,yes,ICD-10-CM,,
W592,yes,ICD-10-CM,,
W3504,yes,ICD-10-CM,,
W165,yes,ICD-10-CM,,
W3276,yes,ICD-10-CM,CDI,
W3264,yes,ICD-10-CM,,
W4544,yes,ICD-10-CM,,
W858,yes,ICD-10-CM,News,
W3784,no,ICD-10-CM,News,
W789,yes,ICD-10-CM,News,
W2593,yes,ICD-10-CM,News,
W2248,yes,ICD-10-CM,News,
W278,yes,ICD-10-CM,News,
W2454,yes,ICD-10-CM,News,
W3528,yes,ICD-10-CM,News,
W4301,yes,ICD-10-CM,News,
W1719,yes,ICD-10-CM,News,
W1142,yes,ICD-10-CM,News,
W2689,yes,ICD-10-CM,News,
W3711,yes,ICD-10-CM,News,
W1981,yes,ICD-10-CM,News,
W3373,yes,ICD-10-CM,News,
W3616,yes,ICD-10-CM,News,
W1342,yes,ICD-10-PCS,News,
W2288,yes,ICD-10-CM,News,
W1965,yes,ICD-10-PCS,News,
W1696,yes,ICD-10-CM,News,
W316,yes,ICD-10-CM,News,
W3559,yes,ICD-10-CM,News,
W3575,yes,ICD-10-CM,News,
W3938,yes,ICD-10-PCS,News,
W1973,yes,ICD-10-CM,News,
W478,yes,ICD-10-CM,News,
W1607,yes,ICD-10-CM,News,
W725,yes,ICD-10-CM,News,
W1520,yes,ICD-10-CM,News,ICD-10-PCS
W3551,yes,ICD-10-CM,News,
W831,yes,ICD-10-CM,News,
W3414,yes,ICD-10-CM,News,
W3488,yes,ICD-10-CM,News,
W4529,yes,ICD-10-CM,News,
W3370,yes,ICD-10-CM,News,
W1637,yes,ICD-10-CM,News,
W3082,yes,ICD-10-CM,News,
W4477,yes,ICD-10-CM,News,
W223,yes,ICD-10-CM,News,
W3593,yes,ICD-10-CM,News,
W1363,yes,ICD-10-CM,News,
W2220,yes,ICD-10-CM,News,
W1864,yes,ICD-10-CM,News,
W1000,yes,ICD-10-CM,News,
W4079,no,,,
W3799,yes,ICD-10-CM,News,
W4332,yes,ICD-10-CM,News,
W2681,yes,ICD-10-CM,,
W3055,yes,ICD-10-PCS,,
W3330,yes,ICD-10-CM,,
W340,yes,ICD-10-CM,,
W873,yes,ICD-10-CM,,
W1268,yes,ICD-10-CM,,
W1476,yes,ICD-10-CM,,
W4129,yes,ICD-10-CM,,
W2166,yes,ICD-10-CM,,
W1175,yes,ICD-10-CM,,
W3042,yes,ICD-10-CM,,
W3745,yes,ICD-10-CM,,
W2801,yes,ICD-10-CM,,
W996,yes,ICD-10-CM,,
W4020,yes,ICD-10-CM,,
W2723,yes,ICD-10-CM,,
W3026,yes,ICD-10-CM,,
W2124,yes,ICD-10-PCS,,
W1285,yes,ICD-10-CM,,
W3070,yes,ICD-10-CM,,
W2037,yes,ICD-10-CM,,
W4007,yes,ICD-10-CM,,
W2447,yes,ICD-10-CM,,
W198,yes,ICD-10-CM,,
W3401,yes,ICD-10-CM,,
W4444,yes,ICD-10-CM,,
W3459,yes,ICD-10-CM,,
W4118,yes,ICD-10-CM,,
W1524,yes,ICD-10-CM,,
W4310,yes,ICD-10-CM,,
W3753,yes,ICD-10-CM,,
W1511,yes,ICD-10-CM,,
W3125,yes,ICD-10-CM,,
W4404,yes,ICD-10-CM,,
W4461,yes,ICD-10-CM,,
W4042,yes,ICD-10-CM,,
W3605,yes,ICD-10-CM,,
W2424,yes,ICD-10-CM,,
W2965,yes,ICD-10-CM,,
W1847,yes,ICD-10-CM,,
W3706,yes,ICD-10-CM,,
W4526,yes,ICD-10-CM,,
W1819,yes,ICD-10-PCS,,
W1893,yes,ICD-10-CM,,
W3909,yes,ICD-10-CM,,
W506,yes,ICD-10-CM,,
W4323,yes,ICD-10-CM,,
W3310,yes,ICD-10-CM,,
W3959,yes,ICD-10-CM,,
W3435,yes,ICD-10-CM,,
W3521,yes,ICD-10-CM,,
W4155,yes,ICD-10-CM,,
W2755,yes,ICD-10-CM,,
W3561,yes,ICD-10-CM,,
W2249,yes,ICD-10-CM,ICD-10-PCS,
W1019,yes,ICD-10-CM,,
W3390,yes,ICD-10-CM,,
W2339,no,,,
W739,yes,ICD-10-CM,,
W13,yes,ICD-10-CM,,
W3049,yes,ICD-10-CM,,
W4200,yes,ICD-10-CM,,
W3995,yes,ICD-10-CM,,
W835,yes,ICD-10-CM,,
W2244,yes,ICD-10-CM,,
W716,yes,ICD-10-CM,,
W4451,yes,ICD-10-CM,,
W2972,yes,ICD-10-CM,,
W2888,yes,ICD-10-CM,,
W3832,yes,ICD-10-CM,,
W1725,yes,ICD-10-CM,,
W4165,yes,ICD-10-CM,,
W4457,yes,ICD-10-CM,,
W1645,yes,ICD-10-CM,,
W423,yes,ICD-10-CM,,
W2850,yes,ICD-10-CM,,
W4109,yes,ICD-10-CM,,
W3483,yes,ICD-10-CM,,
W3511,yes,ICD-10-CM,,
W2950,yes,ICD-10-CM,,
W602,yes,ICD-10-CM,,
W811,yes,ICD-10-CM,,
W4506,yes,ICD-10-CM,,
W3801,yes,ICD-10-CM,,
W904,yes,ICD-10-CM,,
W3684,yes,ICD-10-CM,,
W1275,yes,ICD-10-CM,,
W4125,yes,ICD-10-CM,,
W4426,yes,ICD-10-CM,,
W1915,yes,ICD-10-CM,,
W3338,yes,ICD-10-CM,,
W3826,yes,ICD-10-CM,,
W2149,yes,ICD-10-CM,,
W3696,yes,ICD-10-CM,,
W3607,yes,ICD-10-PCS,,
W59,yes,ICD-10-CM,,
W1935,yes,ICD-10-CM,,
W3424,yes,ICD-10-CM,,
W2869,yes,ICD-10-PCS,,
W2859,yes,ICD-10-CM,,
W4032,yes,ICD-10-CM,,
W3955,yes,ICD-10-CM,,
W2134,yes,ICD-10-CM,,
W3062,yes,ICD-10-CM,,
W4408,yes,ICD-10-CM,,
W4415,yes,ICD-10-CM,,
W1560,yes,ICD-10-CM,,
W3106,yes,ICD-10-CM,,
W2670,yes,ICD-10-CM,,
W3119,yes,ICD-10-CM,,
W359,yes,ICD-10-CM,,
W1207,yes,ICD-10-CM,,
W3610,yes,ICD-10-CM,,
W4533,yes,ICD-10-CM,,
W3715,yes,ICD-10-CM,,
W2556,yes,ICD-10-CM,,
W2662,yes,ICD-10-CM,ICD-10-PCS,
W2496,yes,ICD-10-CM,,
W2492,yes,ICD-10-CM,,
W4076,yes,ICD-10-CM,,
W4240,yes,ICD-10-CM,,
W2642,yes,ICD-10-CM,,
W3868,yes,ICD-10-CM,,
W4297,yes,ICD-10-CM,,
W1824,yes,ICD-10-CM,,
W806,yes,ICD-10-CM,,
W700,yes,ICD-10-CM,,
W3410,yes,ICD-10-CM,,
W1844,yes,ICD-10-CM,,
W66,yes,ICD-10-CM,,
W1090,yes,ICD-10-CM,,
W1154,yes,ICD-10-CM,,
W3645,yes,ICD-10-CM,,
W4352,yes,ICD-10-CM,,
W1880,yes,ICD-10-CM,,
W4257,yes,ICD-10-CM,,
W4070,yes,ICD-10-CM,,
W3976,yes,ICD-10-CM,,
W4047,yes,ICD-10-CM,,
W1802,yes,ICD-10-CM,,
W4501,yes,ICD-10-CM,,
W3302,yes,ICD-10-CM,,
W1439,yes,ICD-10-CM,,
W2891,yes,ICD-10-CM,,
W3456,yes,ICD-10-CM,,
W3147,yes,ICD-10-CM,,
W3011,yes,ICD-10-CM,,
W2957,yes,ICD-10-CM,News,
W3922,yes,ICD-10-CM,,
W2179,yes,ICD-10-CM,,
W162,yes,ICD-10-CM,,
W4162,yes,ICD-10-CM,,
W2628,yes,ICD-10-CM,,
W819,yes,ICD-10-CM,,
W3912,yes,ICD-10-CM,,
W4429,yes,ICD-10-CM,,
W4512,yes,ICD-10-CM,,
W367,yes,ICD-10-CM,,
W1920,yes,ICD-10-CM,,
W3375,yes,ICD-10-CM,,
W930,yes,ICD-10-CM,,
W2705,yes,ICD-10-CM,,
W450,yes,ICD-10-CM,,
W975,yes,ICD-10-CM,,
W3654,yes,ICD-10-CM,,
W1713,yes,ICD-10-CM,,
W1730,yes,ICD-10-CM,,
W1251,no,,,
W2823,yes,ICD-10-CM,,
W2143,yes,ICD-10-CM,,
W3625,yes,ICD-10-CM,,
W1569,yes,ICD-10-CM,,
W2740,yes,ICD-10-CM,,
W2912,yes,ICD-10-CM,,
W3085,yes,ICD-10-CM,,
W3269,yes,ICD-10-CM,,
W3242,yes,ICD-10-CM,,
W3099,yes,ICD-10-CM,,
W3944,yes,ICD-10-CM,,
W3206,yes,ICD-10-CM,,
W2929,yes,ICD-10-CM,,
W2872,yes,ICD-10-CM,,
W3245,yes,ICD-10-CM,,
W3523,yes,ICD-10-CM,,
W2811,yes,ICD-10-CM,,
W3183,yes,ICD-10-CM,,
W2093,yes,ICD-10-CM,,
W3578,yes,ICD-10-CM,,
W3281,yes,ICD-10-CM,,
W2954,yes,ICD-10-CM,,
W1772,yes,ICD-10-CM,ICD-10-PCS,
W1987,yes,ICD-10-CM,ICD-10-PCS,
W3453,yes,ICD-10-PCS,,
W3421,yes,ICD-10-PCS,,
W3077,yes,ICD-10-PCS,,
W2542,yes,ICD-10-PCS,,
W3187,yes,ICD-10-PCS,,
W3345,yes,ICD-10-PCS,,
W2794,yes,ICD-10-PCS,,
W3755,yes,ICD-10-PCS,,
W3823,yes,ICD-10-PCS,,
W3508,yes,ICD-10-PCS,,
W3737,yes,ICD-10-PCS,,
W1984,yes,ICD-10-PCS,,
W2560,yes,ICD-10-PCS,,
W2327,yes,ICD-10-PCS,,
W2027,yes,ICD-10-PCS,,
W2738,yes,ICD-10-PCS,,
W2190,yes,ICD-10-PCS,,
W2096,yes,ICD-10-PCS,,
W2033,yes,ICD-10-PCS,,
W2128,yes,ICD-10-PCS,,
W2798,yes,ICD-10-PCS,,
W3172,yes,ICD-10-PCS,,
W2816,yes,ICD-10-PCS,,
W3846,yes,ICD-10-PCS,,
W2610,yes,ICD-10-PCS,,
W3477,yes,ICD-10-PCS,,
W2694,yes,ICD-10-PCS,,
W2332,yes,ICD-10-PCS,,
W2335,yes,ICD-10-PCS,,
W2924,yes,ICD-10-PCS,,
W2778,yes,ICD-10-PCS,,
W2658,yes,ICD-10-PCS,,
W2395,yes,ICD-10-PCS,,
W2324,yes,ICD-10-PCS,,
W2978,yes,ICD-10-PCS,,
W3178,yes,ICD-10-PCS,,
W3316,yes,ICD-10-CM,,
W2292,yes,ICD-10-CM,,
W3295,yes,ICD-10-CM,,
W4439,yes,ICD-10-CM,,
W3583,yes,ICD-10-CM,,
W48,yes,ICD-10-CM,,
W1348,yes,ICD-10-PCS,,
W3613,yes,ICD-10-CM,,
W4144,yes,ICD-10-CM,,
W4034,yes,ICD-10-CM,,
W2183,yes,ICD-10-CM,,
W619,yes,ICD-10-CM,,
W1297,yes,ICD-10-CM,,
W1317,yes,ICD-10-CM,,
W4569,yes,ICD-10-CM,,
W3325,yes,ICD-10-CM,,
W2744,yes,ICD-10-CM,,
W121,yes,ICD-10-CM,,
W2023,yes,ICD-10-CM,ICD-10-PCS,
W4169,yes,ICD-10-CM,,
W4029,yes,ICD-10-CM,,
W3760,yes,ICD-10-CM,,
W3956,yes,ICD-10-CM,,
W4294,yes,ICD-10-CM,,
W2715,yes,ICD-10-CM,,
W2750,yes,ICD-10-CM,,
W4385,yes,ICD-10-CM,,
W4538,yes,ICD-10-CM,,
W3398,yes,ICD-10-CM,,
W1309,yes,ICD-10-CM,,
W4268,yes,ICD-10-CM,,
W4243,yes,ICD-10-CM,,
W2460,no,,,
W2444,no,,,
W2456,no,,,
W1,no,,,
W1398,yes,ICD-10-CM,,
W3141,yes,ICD-10-CM,,
W2525,yes,ICD-10-CM,,
W3719,yes,ICD-10-CM,,
W655,yes,ICD-10-CM,,
W2983,yes,ICD-10-PCS,Anatomy and terminology,
W437,yes,ICD-10-PCS,Anatomy and terminology,
W4062,yes,ICD-10-CM,,
W1815,yes,ICD-10-CM,,
W1540,yes,ICD-10-CM,,
W4492,yes,ICD-10-CM,,
W3975,yes,ICD-10-CM,,
W3164,yes,ICD-10-CM,,
W4481,yes,ICD-10-CM,,
W4586,yes,ICD-10-CM,,
W4441,yes,ICD-10-CM,,
W3964,yes,ICD-10-CM,,
W1391,yes,ICD-10-CM,,
W246,yes,ICD-10-CM,,
W2563,yes,ICD-10-CM,,
W3926,yes,ICD-10-CM,,
W1549,yes,ICD-10-CM,,
W2010,yes,ICD-10-CM,,
W380,yes,ICD-10-CM,,
W3781,yes,ICD-10-CM,,
W4112,yes,ICD-10-CM,,
W2917,yes,ICD-10-CM,,
W1419,yes,ICD-10-CM,,
W3879,yes,ICD-10-CM,,
W2312,yes,ICD-10-CM,,
W4319,yes,ICD-10-CM,,
W3350,yes,ICD-10-CM,,
W779,yes,ICD-10-CM,,
W4579,yes,ICD-10-CM,,
W4488,yes,ICD-10-CM,,
W2596,yes,ICD-10-CM,,
W3729,yes,ICD-10-CM,,
W192,yes,ICD-10-CM,Ask the expert,
W4190,yes,ICD-10-CM,News,
W3807,yes,ICD-10-PCS,,
W3438,yes,ICD-10-CM,,
W2762,yes,ICD-10-CM,,
W563,yes,ICD-10-CM,,
W571,yes,ICD-10-CM,,
W586,yes,ICD-10-CM,,
W1227,yes,ICD-10-PCS,,
W1259,yes,ICD-10-CM,,
W4137,yes,ICD-10-CM,,
W1088,yes,ICD-10-CM,,
W2937,yes,ICD-10-CM,,
W4093,yes,ICD-10-CM,,
W2618,yes,ICD-10-CM,,
W1530,yes,ICD-10-CM,,
W8,no,,,
W4326,yes,ICD-10-CM,,
W4040,yes,ICD-10-CM,,
W4229,yes,ICD-10-CM,,
W3192,yes,ICD-10-CM,,
W3137,yes,ICD-10-CM,,
W4371,yes,ICD-10-CM,,
W4470,yes,ICD-10-CM,,
W4380,yes,ICD-10-CM,,
W2467,yes,ICD-10-PCS,,
W3211,yes,ICD-10-CM,,
W1424,yes,ICD-10-CM,,
W376,yes,ICD-10-CM,,
W2255,yes,ICD-10-CM,,
W2357,yes,ICD-10-CM,,
W4349,yes,ICD-10-CM,,
W4542,yes,ICD-10-CM,,
W4226,yes,ICD-10-CM,,
W693,yes,ICD-10-CM,,
W2878,yes,ICD-10-CM,,
W4016,yes,ICD-10-CM,,
W3849,yes,ICD-10-PCS,,
W4197,yes,ICD-10-CM,,
W2863,yes,ICD-10-CM,,
W2534,yes,ICD-10-CM,,
W1217,yes,ICD-10-CM,,
W306,yes,ICD-10-CM,,
W1837,yes,ICD-10-CM,,
W3619,yes,ICD-10-CM,,
W3596,yes,ICD-10-CM,,
W1766,yes,ICD-10-CM,,
W4367,yes,ICD-10-CM,,
W3667,yes,ICD-10-PCS,,
W411,yes,ICD-10-CM,,
W483,yes,ICD-10-CM,,
W4140,yes,ICD-10-CM,,
W1851,yes,ICD-10-CM,,
W4391,yes,ICD-10-CM,,
W3777,yes,ICD-10-CM,,
W1626,yes,ICD-10-PCS,,
W4594,yes,ICD-10-CM,,
W3255,yes,ICD-10-CM,,
W3895,yes,ICD-10-CM,,
W4283,yes,ICD-10-CM,,
W2820,yes,ICD-10-CM,,
W1875,yes,ICD-10-CM,,
W1955,yes,ICD-10-CM,,
W4467,yes,ICD-10-CM,,
W3044,yes,ICD-10-CM,,
W3829,yes,ICD-10-CM,,
W4065,yes,ICD-10-CM,,
W2089,yes,ICD-10-CM,,
W3216,yes,ICD-10-CM,,
W747,yes,ICD-10-CM,,
W3221,yes,ICD-10-CM,,
W2273,yes,ICD-10-CM,,
W3852,yes,ICD-10-CM,,
W4303,yes,ICD-10-CM,,
W3385,yes,ICD-10-CM,,
W3662,yes,ICD-10-CM,,
W610,yes,ICD-10-CM,,
W1067,yes,ICD-10-CM,,
W888,yes,ICD-10-CM,,
W3130,yes,ICD-10-PCS,,
W3034,yes,ICD-10-CM,,
W1199,yes,ICD-10-CM,,
W2406,yes,ICD-10-CM,,
W406,yes,ICD-10-CM,,
W3779,yes,ICD-10-CM,,
W4341,yes,ICD-10-CM,,
W3196,yes,ICD-10-CM,,
W118,yes,ICD-10-CM,,
W4122,yes,ICD-10-CM,,
W3580,yes,ICD-10-CM,,
W2160,yes,ICD-10-CM,,
W3740,yes,ICD-10-CM,,
W3633,yes,ICD-10-CM,,
W4059,yes,ICD-10-CM,,
W3693,yes,ICD-10-CM,,
W4554,yes,ICD-10-CM,,
W847,no,,,
W2451,yes,ICD-10-CM,,
W3972,yes,ICD-10-CM,,
W3702,yes,ICD-10-CM,,
W3758,yes,ICD-10-CM,,
W3469,yes,ICD-10-PCS,,
W3819,yes,ICD-10-CM,,
W3876,yes,ICD-10-CM,,
W77,yes,ICD-10-CM,,
W3948,yes,ICD-10-CM,,
W4151,yes,ICD-10-CM,,
W373,yes,ICD-10-CM,,
W1681,yes,ICD-10-CM,,
W1703,yes,ICD-10-CM,,
W755,yes,ICD-10-CM,,
W4377,yes,ICD-10-CM,,
W3532,yes,ICD-10-CM,,
W4003,yes,ICD-10-CM,,
W3417,yes,ICD-10-CM,,
W4531,yes,ICD-10-CM,,
W3773,yes,ICD-10-CM,,
W4287,yes,ICD-10-CM,,
W4557,yes,ICD-10-CM,,
W4262,yes,ICD-10-CM,,
W3092,yes,ICD-10-CM,,
W177,no,,,
W3768,yes,ICD-10-CM,,
W2883,yes,ICD-10-CM,,
W2349,yes,ICD-10-PCS,,
W3495,yes,ICD-10-CM,,
W1240,yes,ICD-10-CM,,
W943,yes,ICD-10-CM,,
W3306,yes,ICD-10-PCS,,
W4453,yes,ICD-10-CM,CDI,
W915,no,ICD-10-CM,,
W662,no,ICD-10-CM,,
W775,no,ICD-10-CM,,
W3526,yes,ICD-10-CM,,
W792,yes,ICD-10-CM,,
W2585,yes,ICD-10-CM,,
W4459,yes,ICD-10-CM,,
W1960,yes,ICD-10-PCS,,
W4279,yes,ICD-10-CM,,
W3670,yes,ICD-10-CM,,
W1855,yes,ICD-10-CM,,
W800,yes,ICD-10-CM,,
W730,yes,ICD-10-CM,,
W3465,yes,ICD-10-CM,,
W4182,yes,ICD-10-CM,,
W345,yes,ICD-10-CM,,
W3534,yes,ICD-10-CM,,
W4232,yes,ICD-10-CM,,
W3539,yes,ICD-10-CM,,
W3855,yes,ICD-10-CM,,
W2085,yes,ICD-10-PCS,,
W3858,yes,ICD-10-PCS,,
W1990,no,ICD-10-CM,,
W3636,no,ICD-10-CM,,
W2065,yes,ICD-10-CM,,
W4603,yes,ICD-10-CM,,
W4346,yes,ICD-10-CM,News,
W3651,yes,ICD-10-CM,,
W626,yes,ICD-10-CM,,
W3677,yes,ICD-10-CM,,
W233,yes,ICD-10-CM,,
W4597,yes,ICD-10-CM,,
W4291,yes,ICD-10-CM,,
W2471,yes,ICD-10-CM,,
W3915,yes,ICD-10-CM,,
W2721,yes,ICD-10-CM,,
W2733,yes,ICD-10-CM,,
W4013,yes,ICD-10-CM,,
W4054,yes,ICD-10-CM,,
W43,yes,ICD-10-CM,,
W4104,yes,ICD-10-CM,,
W3795,yes,ICD-10-CM,,
W4173,yes,ICD-10-CM,,
W3797,yes,ICD-10-CM,,
W3811,yes,ICD-10-CM,,
W3872,yes,ICD-10-CM,,
W3998,yes,ICD-10-CM,,
W1290,yes,ICD-10-CM,News,
W69,yes,ICD-10-CM,Management,
W2529,yes,ICD-10-CM,,
W4387,yes,ICD-10-CM,,
W3882,yes,ICD-10-CM,,
W3748,yes,ICD-10-CM,,
W1515,yes,ICD-10-CM,,
W4192,yes,ICD-10-CM,,
W3898,yes,ICD-10-CM,,
W1323,yes,ICD-10-CM,,
W4406,yes,ICD-10-CM,,
W1114,yes,ICD-10-CM,,
W743,yes,ICD-10-CM,,
W3038,yes,ICD-10-CM,,
W63,yes,ICD-10-CM,Anatomy and terminology,
W3673,yes,ICD-10-CM,,
W2513,yes,ICD-10-CM,,
W4473,yes,ICD-10-CM,,
W1808,yes,ICD-10-CM,,
W2790,yes,ICD-10-CM,,
W3941,yes,ICD-10-CM,,
W2413,yes,ICD-10-CM,,
W3396,yes,ICD-10-CM,,
W333,yes,ICD-10-CM,,
W3762,yes,ICD-10-CM,,
W3571,yes,ICD-10-CM,,
W4133,yes,ICD-10-CM,,
W4260,yes,ICD-10-CM,,
W1657,yes,ICD-10-CM,,
W465,yes,ICD-10-CM,,
W3861,yes,ICD-10-CM,,
W260,yes,ICD-10-CM,,
W1378,yes,ICD-10-CM,,
W4413,yes,ICD-10-CM,,
W3733,yes,ICD-10-CM,,
W2843,yes,ICD-10-PCS,,
W1480,yes,ICD-10-CM,,
W2030,yes,ICD-10-CM,,
W4096,yes,ICD-10-CM,,
W3430,yes,ICD-10-CM,,
W3239,yes,ICD-10-CM,,
W4317,yes,ICD-10-CM,,
W4266,yes,ICD-10-CM,,
W4236,yes,ICD-10-CM,,
W3892,yes,ICD-10-CM,,
W4355,yes,ICD-10-CM,,
W3680,yes,ICD-10-CM,,
W3989,yes,ICD-10-CM,,
W4422,yes,ICD-10-CM,,
W4223,yes,ICD-10-CM,,
W4090,yes,ICD-10-CM,,
W2988,yes,ICD-10-PCS,,
W4337,yes,ICD-10-CM,,
W2209,yes,ICD-10-CM,,
W3475,yes,ICD-10-CM,,
W3382,yes,ICD-10-CM,,
W3866,yes,ICD-10-CM,,
W1332,yes,ICD-10-CM,,
W4524,yes,ICD-10-CM,,
W3947,yes,ICD-10-CM,,
W1929,yes,ICD-10-CM,,
W1408,yes,ICD-10-CM,,
W1632,yes,ICD-10-CM,,
W3657,yes,ICD-10-CM,,
W73,yes,ICD-10-CM,,
W4178,yes,ICD-10-CM,,
W3002,yes,ICD-10-CM,,
W4599,yes,ICD-10-CM,,
W2398,yes,ICD-10-PCS,,
W4083,yes,ICD-10-CM,,
W3201,yes,ICD-10-CM,,
W1840,yes,ICD-10-CM,,
W3291,yes,ICD-10-CM,,
W3517,yes,ICD-10-CM,,
W1304,yes,ICD-10-CM,,
W4419,yes,ICD-10-CM,,
W3500,yes,ICD-10-CM,,
W4567,yes,ICD-10-CM,,
W2994,yes,ICD-10-CM,,
W2905,yes,ICD-10-CM,,
W2464,yes,ICD-10-CM,,
W3864,yes,ICD-10-CM,,
W1584,yes,ICD-10-CM,News,
W2347,yes,ICD-10-CM,,
W1404,yes,ICD-10-CM,,
W1912,yes,ICD-10-CM,,
W3623,yes,ICD-10-CM,,
W3007,yes,ICD-10-PCS,,
W922,yes,ICD-10-CM,,
W2113,yes,ICD-10-CM,,
W3113,yes,ICD-10-CM,,
W2075,yes,ICD-10-CM,,
W3902,no,,,
